id,country_code
1,de
2,dk
6,ca
10,mx
370,ar
379,pk
390,mn
392,fr
398,ar
417,ar
423,mr
424,ne
426,jo
427,in
432,ng
433,tr
446,sa
447,sd
448,fr
453,it
454,cd
458,fr
461,gb
462,sy
463,it
465,ua
466,it
2276,us
2278,mx
48915,sd
2284,iq
2290,in
2294,in
2295,us
2296,ua
2298,in
2302,br
2304,et
2305,cn
2313,jp
2318,gb
2320,fr
2325,ar
2329,us
2340,ar
2345,fr
48954,us
2346,gb
2353,it
4883,in
4884,mx
4885,us
4888,us
4893,fr
4899,dz
4900,fr
4903,fr
4905,br
4906,si
4907,mx
4910,ug
4913,us
4917,ua
4922,in
4925,us
4926,us
4928,cf
4934,th
4935,id
4936,in
4937,in
4938,id
4942,fr
4946,es
4947,ru
4948,de
4949,in
4954,gb
44876,mr
4957,pl
4974,us
4975,us
56133,us
4976,gh
4977,us
4984,us
4986,ca
4993,gb
5005,us
5011,in
30443,ma
5018,tn
5021,us
5023,za
5024,ma
5026,ca
48975,ar
5028,bf
5029,es
47355,us
5032,us
5034,fr
5035,lb
5037,in
36591,in
5039,in
5040,bd
5041,in
5042,pl
5043,ua
5045,bf
5051,au
5056,ng
5059,us
5060,in
5063,ua
5064,fi
5065,us
5068,us
5071,us
5072,cz
5076,us
5090,cn
5093,mx
5097,bf
5098,ru
5110,it
5111,in
5112,ru
5113,ua
5114,ru
5117,ua
57168,mr
57167,mr
5121,gb
5128,us
5133,cz
5134,de
5135,de
5140,ru
5156,ca
30448,uz
48653,au
5165,ng
5169,so
5175,us
5177,tr
5178,ro
5181,in
5183,in
48654,ca
5185,es
5186,us
5187,rs
45976,co
5200,ph
5249,br
5250,tr
5251,es
5252,es
5253,us
5260,us
5264,ar
45817,pe
5265,tr
5291,us
5293,us
5295,it
5296,us
5306,mx
5307,us
5308,it
5313,cn
5314,in
5315,in
5316,ar
5320,in
5321,in
5322,cn
5325,fr
5328,us
5329,fr
5330,in
5331,fr
5332,fr
5334,es
5338,tz
57165,ru
47347,ml
5339,by
5340,us
5341,ch
5342,ua
5344,in
5345,la
5349,us
5355,mw
5357,fr
5364,id
5374,us
5395,us
5397,za
5401,us
5403,it
5418,br
5451,mx
5465,in
5470,us
5474,za
5476,us
5477,gb
5496,us
5500,us
5504,tn
5511,in
5513,za
5514,us
6603,de
6604,tm
51559,ec
6621,ca
6634,us
6642,in
6649,ru
6660,us
6664,in
6693,in
6694,in
6696,in
6698,in
6699,in
7640,in
47350,tr
7642,za
7649,ar
7652,id
7656,td
7657,tn
7658,bd
7659,ua
7661,tr
7706,cn
7707,in
7708,cn
7718,ru
7722,ne
7723,ma
7725,mw
7728,us
7731,ca
7736,hr
7743,au
7745,ie
7750,in
7752,ke
7755,sz
7757,in
7758,pg
7760,us
7774,ao
7775,de
7776,se
7777,in
7807,dz
45977,mx
7819,mx
7822,us
7823,cz
7824,ua
10019,nl
10033,au
10038,cn
10039,fr
10041,fr
10042,in
10043,am
10044,so
10049,de
10051,fr
10055,cd
10059,us
10074,us
10075,us
10078,fr
10079,us
10080,dz
10081,us
10086,cn
10088,us
10091,it
10107,us
10111,us
10119,us
10120,au
10123,us
10163,de
10164,us
10177,us
52412,cn
10836,jp
10839,in
10840,cn
10846,fr
10848,cm
10849,cm
10850,ua
10851,pk
10860,pk
10861,us
44882,ng
10870,ng
10914,jp
10917,it
10919,ng
10923,nl
10924,id
10926,ru
10930,gb
10936,pl
10948,bd
10949,ua
10956,fr
11196,no
50911,ca
11206,ru
11207,sk
11208,ua
11426,pl
11429,pl
11432,ar
11435,cn
11437,cn
11439,es
11440,rs
11442,bf
11443,cm
11448,in
11449,ng
11450,bg
11464,in
11465,et
11466,de
11467,kr
11468,jp
11472,fr
11479,se
11485,us
11824,in
11829,in
11830,us
11842,us
11848,jp
11852,dz
11855,gb
11859,fi
11869,se
11870,sa
11875,cr
11878,se
11883,jp
11884,gb
11889,jp
44714,ug
11893,se
11894,us
11895,et
11901,us
11904,us
11913,cn
11915,us
11916,hr
54719,cn
11986,de
11989,fi
11992,de
11993,br
11995,ru
12000,za
12003,br
12004,pg
12027,az
12028,us
12037,cn
12039,ca
12043,br
12049,tz
12053,ar
12056,br
12058,ma
12063,tz
12065,za
12067,pk
12069,in
12072,in
12074,cn
12078,rs
51589,si
12085,pk
12086,cn
12087,cn
12171,cn
47362,in
12173,lt
12198,us
12199,ao
12202,fr
12203,cn
12207,in
12209,id
12210,cn
12213,pt
12214,fr
12218,hu
12220,ng
12221,in
12222,in
12227,ua
12228,ye
12229,ru
12230,in
12231,ro
12232,cd
12236,in
12238,in
12240,jp
12241,in
12243,af
12245,id
12246,in
12251,ss
47357,in
12253,kz
12256,kz
12258,tz
12260,ng
12262,pk
12263,pk
12264,au
12266,jp
30740,in
35465,ng
47351,in
12268,tr
12270,id
53654,tr
12275,us
12276,in
12282,fr
12284,fr
12286,jp
12288,pk
12289,in
12291,ua
12294,in
12296,in
12297,ru
12298,in
12299,sd
12300,sd
12301,de
12303,mr
12305,jp
12306,ru
12307,ng
12308,us
12309,gb
12316,sd
12321,us
12325,hu
12326,ca
12332,de
12335,sk
12336,jp
12342,jp
12343,jp
12344,bg
53810,sk
12353,de
12355,ru
12357,ru
12363,ru
12364,ua
12368,ua
12369,pk
12370,ua
12373,am
12377,ru
12379,tm
12381,jp
12382,in
12383,ru
12384,in
12385,ru
12390,jp
12392,fr
12394,mx
12395,ar
12396,ar
12408,fr
12433,in
12434,fr
12435,in
12451,in
12455,fr
12456,fr
12461,se
12464,cn
12465,at
12466,cn
12740,gb
12743,ru
12748,fr
12749,fr
12755,us
12756,za
12759,ie
12760,us
12765,ua
12769,fr
12772,be
14646,za
14650,se
14652,ie
14655,de
14659,cn
14661,cz
14664,us
14670,lv
14675,pk
14678,in
52843,us
14708,es
14711,us
14716,us
14718,pl
14721,in
14724,fr
14753,us
14754,cn
14755,se
14756,fi
14757,fr
14764,mm
15370,br
15371,mw
15372,za
15379,in
15380,id
15382,es
15383,br
15386,tr
15387,zw
47361,in
30751,ne
15393,us
15394,ss
15395,tz
15400,za
15401,kz
15402,in
15403,in
15405,zw
15409,ru
15414,pk
15419,us
48973,dk
15421,ss
15422,br
15424,us
15426,ru
15429,fr
15430,mg
15436,us
15438,fr
15443,de
15446,at
15451,ng
15453,mx
15454,ug
15455,ug
15467,ar
15469,in
15470,id
15485,de
15486,ch
15489,dk
15491,ke
15492,in
15495,it
16626,de
16627,fr
16628,ro
16629,in
16631,cn
16632,gb
52090,us
16634,ua
16635,jp
16636,hu
16640,hr
16643,au
16645,us
16692,jp
16696,it
16697,cn
16700,hu
16701,in
16703,lv
16707,no
16709,ro
16711,us
16713,nz
16715,es
16717,za
16719,us
16720,us
16725,pt
16726,it
16727,fr
16729,fr
16736,us
16737,ie
16738,au
16740,in
16742,cz
16747,fr
36592,no
16759,in
16762,it
16766,au
16804,ne
16805,fr
16820,mw
16841,in
16851,lk
16874,bd
16875,au
16882,us
16885,in
16889,bf
16890,jp
16892,in
16893,sk
16898,eg
16899,th
16902,in
16903,cn
16904,us
16907,cn
16908,in
16909,ir
16912,au
16922,fr
16927,in
16934,jp
16935,in
16941,et
16945,lv
16950,at
16953,us
16954,sd
16960,us
16966,id
16968,ml
16976,kz
16977,ru
16980,cn
16981,cn
16982,jp
16983,za
16984,us
16985,us
16988,jp
16989,ar
16994,us
17922,us
17930,it
17933,ru
17935,lt
17936,mn
17938,mx
17959,es
17960,jp
17969,mm
17970,hu
17979,ru
17988,de
17989,ee
17990,hu
17994,jp
17995,ro
17996,ng
17997,es
17998,jp
18000,jp
18002,ua
18009,de
18013,es
18015,es
18019,ru
18026,fr
34489,us
18030,fr
18033,de
18034,it
18042,no
18045,jp
18046,us
56729,bf
18050,ma
31282,ma
18052,pt
18055,na
18058,es
18068,mx
18069,lt
18072,ph
18074,ar
18077,cn
18079,us
18082,us
18093,ph
18098,ph
18101,us
18102,br
18103,br
18106,us
18108,in
18109,in
18110,us
18112,in
18116,br
18118,it
18171,bd
18173,bg
18175,kz
18176,ua
18177,ru
18180,ca
18181,de
18782,us
18786,us
18792,tz
18793,bd
18797,gb
18798,ru
18799,ru
18800,ne
18801,us
18808,us
18809,vn
18811,kh
18812,vn
18813,it
18822,ee
18831,in
18832,za
18834,bd
18835,in
18837,us
18846,us
51706,ro
18849,cz
18851,kh
18853,de
18858,in
18860,no
18865,gb
18874,us
18876,pt
18879,cn
18883,at
18887,cz
18888,us
45984,es
18899,in
18901,pl
18902,in
18905,br
18907,cn
18908,cn
22357,ls
22358,mm
22360,es
22361,cn
22363,fr
22368,ar
22371,in
31302,pk
22376,ru
22384,in
22385,in
22386,de
22387,in
22390,mx
22392,in
22394,cn
22395,sa
22396,bg
22398,pl
53502,us
22584,es
22585,id
22586,it
22587,ar
22589,cn
22590,ru
22592,ca
22593,in
22597,us
24140,ar
22599,us
22602,us
22603,us
22611,br
22614,it
22637,us
22640,au
22641,es
22642,de
22766,us
22773,gb
22780,rw
22782,ke
22783,tz
22791,ua
22792,in
22793,in
23101,fr
23102,fr
23103,jp
23107,us
23111,fr
23114,de
23115,in
23128,us
31315,it
23130,cl
34063,mx
23161,br
23164,mx
23165,ar
50909,ar
23171,br
23176,ru
23187,jp
23188,fr
23190,ua
23192,jp
23455,cz
23457,pl
23458,us
23460,de
23472,us
23473,tr
23476,in
23481,id
23483,dz
23487,in
23495,es
23496,jp
23500,in
23501,gr
23502,br
23504,br
23508,es
23509,ru
23512,tn
23521,in
23525,us
23529,ca
23530,in
23531,cn
23534,in
23582,cn
23583,in
23584,bd
23586,it
23593,ru
23594,mx
55584,bg
23603,de
23606,eg
23611,pk
23613,it
23614,us
23616,in
23617,tr
23619,cn
23621,no
23626,hr
23645,ru
23660,in
23661,rs
23663,fr
53829,pl
23667,jp
23668,cn
23670,ro
23671,ug
23081,fr
23082,fr
23083,be
23087,fr
23089,us
23090,za
23091,us
23092,fr
23093,fi
23097,fr
23712,se
23713,cz
23717,ru
23099,be
23724,ru
23728,us
23729,gb
23732,gb
23733,ca
23736,us
23737,cz
23738,cn
48951,in
23741,in
23745,ru
23760,in
55529,us
23773,us
23776,cz
23778,dz
23782,ca
23784,jp
23789,jp
23795,id
48691,ma
23801,jp
23873,cn
23884,tn
23885,sa
23887,iq
23888,ro
23897,au
23898,ee
23908,pk
54493,ke
23976,ls
23984,cn
23989,cz
23998,us
23999,ne
24004,ru
24009,in
54823,ma
24011,id
24012,id
24019,ua
24020,mx
24023,jp
24024,jp
24026,in
24029,it
24032,us
24036,fr
24037,ru
24038,be
24042,de
24046,it
24050,de
24053,no
24054,us
24057,no
24059,jp
24060,vn
24062,mn
47343,us
24086,mx
24094,no
24095,ru
24096,br
24097,ve
24098,uz
24101,ng
24103,nl
24104,in
24106,tz
24108,ch
24112,in
24118,sd
24121,ru
24123,kr
24129,jp
24132,cz
24135,nl
24136,ch
24143,it
24144,in
24145,it
24149,ve
10012,ru
10013,au
10014,us
10015,us
10016,us
10017,us
10018,gl
10020,au
10021,us
10022,us
10023,za
10024,us
47729,dz
10026,eg
10027,au
10029,us
10030,us
10031,us
10034,us
10035,de
52012,tn
10036,us
10037,us
30562,dz
10045,us
10046,au
10048,kz
10050,mx
10052,au
10054,ar
10056,us
10057,us
54717,cl
10060,au
10061,na
10062,us
10063,us
10064,us
10065,us
10066,us
56565,us
10069,us
10070,us
10071,us
10072,us
10073,us
10076,us
10077,us
10082,dk
10083,us
10084,us
10085,au
10089,us
10090,ca
30563,us
10093,ca
10103,no
10104,us
10105,us
10106,us
51738,us
10108,us
30564,us
10109,us
10110,us
10112,us
10113,us
10114,us
10115,us
10116,us
10117,us
10118,se
10121,us
10122,us
10124,au
10125,au
10126,au
10127,au
10128,au
10129,au
10130,au
10131,au
10132,au
10133,au
10134,au
10135,au
10136,au
10137,au
10138,au
10139,au
10140,au
10141,au
10142,au
10143,au
10144,au
10145,au
10146,au
10147,au
10148,au
10149,au
10150,au
10151,au
10152,au
10153,au
10154,au
10155,au
10156,au
10157,au
10158,au
10159,au
10160,au
10161,au
10162,au
10165,us
10167,us
10168,us
10169,ar
10170,us
10171,ma
30565,us
10172,us
10173,us
10174,us
10175,us
10176,us
10178,us
10179,us
10180,us
10181,us
10182,au
10184,us
34491,cn
10835,jp
10842,us
10843,us
10844,us
10847,us
52414,us
10852,ar
10855,bf
10856,ar
10857,ca
10862,us
10863,es
10864,us
10865,au
10867,ca
10868,us
52031,eg
10871,ua
10904,us
10906,es
10908,ly
10909,ly
10910,ly
10911,om
10912,na
10913,au
30664,us
10915,au
10916,de
10918,ca
10920,au
10921,us
10927,us
10928,us
10932,us
10933,au
10934,gb
10935,us
10937,au
10938,in
10939,na
10940,us
10941,us
10942,us
10943,us
10944,us
10945,us
10946,us
10947,us
34019,ng
30665,dz
10950,br
10951,us
10952,us
10953,us
10954,us
10955,us
47730,us
10957,us
10958,us
10959,us
11177,us
11179,ca
11180,us
11181,eg
11182,eg
11183,eg
11184,eg
11185,eg
11186,eg
11187,eg
11188,eg
11189,eg
11190,eg
11191,eg
11192,eg
44883,eg
44884,eg
44885,eg
44886,eg
49490,eg
50999,eg
51000,eg
51057,eg
51001,eg
51002,eg
51003,eg
51004,eg
51005,eg
51006,eg
51007,eg
53618,eg
56302,eg
11193,us
11194,us
30666,us
11195,us
11197,ne
11198,ne
11199,ne
11200,by
11201,us
11202,us
11203,us
11204,us
55289,us
53633,br
24154,ua
24158,ru
24162,ir
24165,ru
24168,us
24169,ru
24174,it
24179,es
24183,ca
24185,bg
24187,in
24188,in
24189,pk
24191,fr
24210,us
24215,us
24218,us
47344,ly
24244,cz
24249,us
24250,us
24251,us
49514,us
24281,au
24321,za
24322,na
24323,za
24324,et
24325,gb
24334,au
24337,us
24340,cn
24345,cn
24346,cn
24351,ye
30345,cd
30348,cn
30350,cn
30352,az
30358,in
30366,jp
30370,us
30372,jp
30377,cn
30378,ua
30379,ua
30380,by
30384,ma
30386,ng
30388,kz
30389,jp
30391,cn
30395,ru
30396,rs
30397,cz
30399,lt
30404,cn
30407,ua
30408,cn
30411,by
30412,mw
30413,hu
30415,ua
4,mx
51399,sa
5,us
7,us
8,fi
9,eg
11,dz
12,dz
13,dz
14,dz
15,dz
16,dz
17,dz
18,dz
19,dz
20,dz
21,dz
22,dz
23,dz
24,dz
25,dz
26,dz
27,dz
28,dz
29,dz
30,dz
31,dz
32,dz
33,dz
34,dz
35,dz
36,dz
37,dz
38,dz
39,dz
40,dz
41,dz
42,dz
43,dz
44,dz
45,dz
46,dz
47,dz
48,dz
49,dz
50,dz
51,dz
52,dz
53,dz
54,dz
56,dz
57,dz
58,dz
59,dz
60,dz
61,dz
62,dz
63,dz
64,dz
65,dz
66,dz
67,dz
68,dz
69,dz
70,dz
71,dz
72,dz
73,dz
74,dz
75,dz
76,dz
77,dz
78,dz
79,dz
80,dz
81,dz
82,dz
83,dz
84,dz
85,dz
86,dz
87,dz
88,dz
89,dz
90,dz
91,dz
92,dz
93,dz
94,dz
95,dz
96,dz
97,dz
98,dz
99,dz
100,dz
101,dz
102,dz
103,dz
104,dz
105,dz
106,dz
107,dz
108,dz
109,dz
110,dz
111,dz
112,dz
113,dz
114,dz
115,dz
116,dz
117,dz
118,dz
119,dz
120,dz
121,dz
122,dz
123,dz
124,dz
125,dz
126,dz
127,dz
128,dz
129,dz
130,dz
131,dz
132,dz
133,dz
134,dz
135,dz
136,dz
137,dz
138,dz
139,dz
140,dz
141,dz
142,dz
143,dz
144,dz
145,dz
146,dz
147,dz
148,dz
149,dz
150,dz
151,dz
152,dz
153,dz
154,dz
155,dz
156,dz
157,dz
158,dz
159,dz
160,dz
161,dz
162,dz
163,dz
164,dz
165,dz
166,dz
167,dz
168,dz
169,dz
170,dz
171,dz
172,dz
173,dz
174,dz
175,dz
176,dz
177,dz
178,dz
179,dz
180,dz
181,dz
182,dz
183,dz
184,dz
185,dz
186,dz
187,dz
188,dz
189,dz
190,dz
191,dz
192,dz
193,dz
194,dz
195,dz
196,dz
197,dz
198,dz
199,dz
200,dz
201,dz
202,dz
203,dz
204,dz
205,dz
206,dz
207,dz
208,dz
209,dz
210,dz
211,dz
212,dz
213,dz
214,dz
215,dz
216,dz
217,dz
218,dz
219,dz
220,dz
221,dz
222,dz
223,dz
224,dz
225,dz
226,dz
227,dz
228,dz
229,dz
230,dz
231,dz
232,dz
233,dz
234,dz
235,dz
236,dz
237,dz
238,dz
239,dz
240,dz
241,dz
242,dz
243,dz
244,dz
245,dz
246,dz
247,dz
248,dz
249,dz
250,dz
252,dz
253,dz
254,dz
255,dz
256,dz
257,dz
258,dz
259,dz
260,dz
261,dz
262,dz
263,dz
264,dz
265,dz
266,dz
267,dz
268,dz
269,dz
270,dz
271,dz
272,dz
273,dz
274,dz
275,dz
276,dz
277,dz
278,dz
279,dz
280,dz
281,dz
282,dz
283,dz
284,dz
285,dz
286,dz
287,dz
288,dz
289,dz
290,dz
291,dz
292,dz
293,dz
294,dz
295,dz
296,dz
297,dz
298,dz
299,dz
300,dz
301,dz
302,dz
303,dz
304,dz
305,dz
306,dz
307,dz
308,dz
309,dz
310,dz
311,dz
312,dz
313,dz
314,dz
315,dz
316,dz
317,dz
318,dz
319,dz
320,dz
321,dz
322,dz
323,dz
324,dz
325,dz
326,dz
327,dz
328,dz
329,dz
330,dz
331,dz
30428,dz
332,dz
333,dz
334,dz
335,dz
336,dz
337,dz
338,dz
339,dz
340,dz
341,dz
342,dz
343,dz
344,dz
345,dz
346,dz
347,dz
32781,dz
348,dz
349,dz
350,dz
351,dz
352,dz
353,dz
354,dz
355,dz
356,dz
357,dz
358,dz
359,dz
360,dz
361,dz
362,dz
363,dz
364,dz
365,dz
30430,dz
366,dz
367,dz
368,dz
30431,dz
30432,dz
32782,dz
30433,dz
30434,dz
30435,dz
32783,dz
34017,dz
30436,dz
30437,dz
32784,dz
30438,dz
30439,dz
30440,dz
35480,dz
35338,dz
35481,dz
35482,dz
35483,dz
44851,dz
44852,dz
44853,dz
44854,dz
44855,dz
53622,dz
54591,dz
54592,dz
53886,dz
53887,dz
53888,dz
53889,dz
55262,dz
55263,dz
55264,dz
56305,dz
369,us
55379,us
371,us
372,us
373,mx
374,tr
44856,mr
375,us
376,sa
380,us
381,dz
382,dz
383,dz
384,ne
44703,ne
385,ne
386,ne
387,ne
388,us
389,mn
393,us
57354,ma
395,ma
397,ar
399,ar
400,dz
401,dz
402,dz
403,dz
404,dz
405,dz
406,dz
407,dz
408,dz
409,dz
410,dz
411,dz
412,dz
413,dz
414,dz
415,dz
416,dz
419,mx
421,us
422,us
428,dz
429,tm
430,us
431,us
35484,eg
44857,ma
434,om
435,om
436,om
437,om
438,om
439,om
440,om
441,om
442,om
443,om
444,om
445,om
35485,om
45822,om
45823,om
45824,om
45825,om
45826,om
45827,om
45828,om
45829,om
45830,om
45831,om
45832,om
48536,om
48537,om
48538,om
51921,om
51922,om
51923,om
51937,om
55403,om
55404,om
55405,om
55406,om
55636,om
55407,om
55408,om
55409,om
55410,om
55637,om
55411,om
55412,om
56408,om
55413,om
56409,om
55414,om
55415,om
49713,cn
49714,cn
449,us
450,us
452,cn
455,us
456,us
457,us
459,mx
460,mx
464,us
467,cl
468,sa
469,sa
470,us
471,au
472,ru
473,sa
474,us
55662,us
475,sa
47701,et
11427,mx
11428,us
11430,us
11431,mx
11433,cl
11434,cn
11441,us
11444,us
11445,us
11451,us
11452,au
11453,us
11454,au
11455,au
11456,au
11457,au
11458,au
11459,au
11460,au
11461,au
11462,au
11463,au
50994,au
11470,ca
11471,au
11473,de
11474,om
11475,om
11476,om
11477,us
11478,us
11481,ly
11482,ly
36590,gb
11483,au
11484,us
11486,ly
11487,ly
11488,ly
11489,ly
11490,ly
11491,ly
11492,ly
11493,ly
11494,ly
11495,ly
11496,ly
11497,ly
11498,ly
11499,ly
11500,ly
11501,ly
11502,ly
11503,ly
11504,ly
11505,ly
11506,ly
11507,ly
11508,ly
11509,ly
11510,ly
11511,ly
11512,ly
11513,ly
11514,ly
11515,ly
11516,ly
11517,ly
11518,ly
11519,ly
11520,ly
11521,ly
11522,ly
11523,ly
11524,ly
11525,ly
11526,ly
11527,ly
11528,ly
11529,ly
11530,ly
11531,ly
11532,ly
11533,ly
11534,ly
11535,ly
11536,ly
11537,ly
11538,ly
11539,ly
11540,ly
11541,ly
11542,ly
11543,ly
11544,ly
11545,ly
11546,ly
11547,ly
11548,ly
11549,ly
11550,ly
11551,ly
11552,ly
11553,ly
11554,ly
11555,ly
11556,ly
11557,ly
11558,ly
11559,ly
11560,ly
11561,ly
11562,ly
11563,ly
11564,ly
11565,ly
11566,ly
11567,ly
11568,ly
11569,ly
11570,ly
11571,ly
11572,ly
11573,ly
11574,ly
11575,ly
11576,ly
11577,ly
11578,ly
11579,ly
11580,ly
11581,ly
11582,ly
11583,ly
11584,ly
11585,ly
11586,ly
11587,ly
11588,ly
11589,ly
11590,ly
11591,ly
11592,ly
11593,ly
11594,ly
11595,ly
11596,ly
11597,ly
11598,ly
11599,ly
11600,ly
11601,ly
11602,ly
11603,ly
11604,ly
11605,ly
11606,ly
11607,ly
11608,ly
11609,ly
11610,ly
11611,ly
11612,ly
11613,ly
11614,ly
11615,ly
11616,ly
11617,ly
11618,ly
11619,ly
11620,ly
11621,ly
11622,ly
11623,ly
11624,ly
11625,ly
11626,ly
11627,ly
11628,ly
11629,ly
11630,ly
11631,ly
11632,ly
11633,ly
11634,ly
11635,ly
11636,ly
11637,ly
11638,ly
11639,ly
11640,ly
11641,ly
11642,ly
11643,ly
11644,ly
11645,ly
11646,ly
11647,ly
11648,ly
11649,ly
11650,ly
11651,ly
11652,ly
11653,ly
11654,ly
11655,ly
11656,ly
11657,ly
11658,ly
11659,ly
11660,ly
11661,ly
11662,ly
11663,ly
11664,ly
11665,ly
11666,ly
11667,ly
11668,ly
11669,ly
11670,ly
11671,ly
11672,ly
11673,ly
11674,ly
11675,ly
11676,ly
11677,ly
11678,ly
11679,ly
11680,ly
11681,ly
11682,ly
11683,ly
11684,ly
11685,ly
11686,ly
11687,ly
11688,ly
11689,ly
11690,ly
11691,ly
11692,ly
11693,ly
11694,ly
11695,ly
11696,ly
11697,ly
11698,ly
11699,ly
11700,ly
11701,ly
11702,ly
11703,ly
11704,ly
11705,ly
11706,ly
11707,ly
11708,ly
11709,ly
11710,ly
11711,ly
11712,ly
11713,ly
11714,ly
11715,ly
11716,ly
11717,ly
11718,ly
11719,ly
11720,ly
11721,ly
11722,ly
11723,ly
11724,ly
11725,ly
11726,ly
11727,ly
11728,ly
11729,ly
11730,ly
11731,ly
11732,ly
11733,ly
11734,ly
11735,ly
11736,ly
11737,ly
11738,ly
11739,ly
11740,ly
11741,ly
11742,ly
11744,ly
11745,ly
11746,ly
11747,ly
11748,ly
11749,ly
11750,ly
11751,ly
11752,ly
11753,ly
11754,ly
11755,ly
11756,ly
11757,ly
11758,ly
11759,ly
11760,ly
11761,ly
11762,ly
11763,ly
11764,ly
11765,ly
11766,ly
11767,ly
11768,ly
11769,ly
11770,ly
11771,ly
11772,ly
11773,ly
11774,ly
11775,ly
11776,ly
11777,ly
11778,ly
11779,ly
11780,ly
11781,ly
11782,ly
11783,ly
11784,ly
11785,ly
11786,ly
11787,ly
11788,ly
11789,ly
11790,ly
11791,ly
11792,ly
11793,ly
11794,ly
11795,ly
11796,ly
11797,ly
11798,ly
11799,ly
11800,ly
11801,ly
11802,ly
11803,ly
11804,ly
11805,ly
11806,ly
11807,ly
11808,ly
11809,ly
11811,ly
11812,ly
30718,ly
30719,ly
30720,ly
30721,ly
30722,ly
30723,ly
30724,ly
32786,ly
35517,ly
35518,ly
53619,ly
53620,ly
53621,ly
55727,ly
11813,us
11814,au
11816,us
11817,dz
11818,us
11819,us
11820,us
11821,us
11825,us
11826,us
11827,us
11828,us
11831,us
11832,us
11833,us
11834,us
11835,us
11836,us
11837,us
11838,us
11839,us
45964,us
52983,us
45965,us
52112,us
52853,us
11840,us
11841,us
11843,us
11844,us
56555,us
11846,us
11847,us
30725,us
11849,us
11850,us
11851,us
11853,us
11854,us
52854,be
11858,us
11860,us
11861,us
11862,us
11863,us
11864,us
11865,us
55517,om
11867,us
11872,au
11873,us
11874,fr
11876,us
11877,au
11879,us
11880,za
44713,tn
11881,us
11882,au
11885,us
11886,us
11887,ar
11888,ar
11890,na
11891,us
11892,us
11896,us
11897,us
11898,us
11899,ca
11900,us
11902,ca
11905,us
11906,us
11907,us
11908,us
11909,mn
11910,us
11912,us
11914,us
11917,us
11918,us
11919,us
11921,us
11922,au
11923,us
11924,us
11925,au
11928,au
11929,au
11930,au
11931,au
11932,au
11933,au
11934,au
11935,au
11936,au
11937,au
11938,au
11939,au
11940,au
11941,au
11942,au
11943,au
11944,au
11945,au
11946,au
11947,au
11948,au
11949,au
11950,au
11951,au
11952,au
11953,au
11954,au
11955,au
11956,au
11957,au
11958,au
11959,au
11960,au
11961,au
11962,au
11963,au
11964,au
11965,au
11966,au
11967,au
11968,au
11969,au
11970,au
11971,au
11972,au
11973,au
11974,au
11975,au
11976,au
11977,au
11978,au
11979,au
11980,au
11981,au
11982,au
11983,us
11984,us
11985,mx
11987,us
11988,us
52755,us
11998,us
11999,us
52649,au
12002,ma
12005,dz
12006,dz
12007,dz
12008,dz
12009,dz
12010,dz
12011,dz
12012,dz
12013,dz
12014,dz
12015,dz
12016,dz
12017,dz
12018,dz
12019,dz
12020,dz
12021,dz
44890,dz
12022,cl
12023,ru
35519,dz
12024,us
12025,cl
52855,us
12026,us
12029,us
12030,us
12031,br
12032,ar
12033,us
12034,au
12036,us
12040,us
12044,br
12045,cl
12046,us
12047,ca
12048,us
56431,at
30726,ru
12050,mx
12051,eg
12052,dz
30727,ru
44891,ma
44892,ma
44893,ma
44894,ma
12059,br
12060,na
12061,ru
12062,us
12064,ly
12066,us
12070,ly
12071,us
12073,mx
49715,cn
53489,si
47731,us
12076,ma
12077,au
12080,us
12081,us
53840,id
12082,us
12083,us
12084,dk
12089,om
12090,om
12091,om
12092,om
12093,om
12094,om
12095,om
12096,om
12097,om
12098,om
12099,om
12100,om
12101,om
12102,om
12103,om
12104,om
12105,om
12106,om
12107,om
12108,om
12109,om
12110,om
12111,om
12112,om
12113,om
12114,om
12115,om
12116,om
12117,om
12118,om
30728,om
12119,om
33990,om
33991,om
12120,om
12121,om
12122,om
12123,om
12124,om
12125,om
12126,om
12127,om
12128,om
12129,om
12130,om
12131,om
12132,om
12133,om
12134,om
12135,om
33992,om
30729,om
12136,om
12137,om
12138,om
12139,om
12140,om
12141,om
12142,om
12143,om
12144,om
12145,om
12146,om
12147,om
12148,om
12149,om
12150,om
12151,om
12152,om
12153,om
12154,om
12155,om
12156,om
12157,om
12158,om
12159,om
12160,om
12161,om
12162,om
12163,om
12164,om
12165,om
12166,om
12167,om
12168,om
34022,om
34023,om
34024,om
34025,om
34026,om
34027,om
34028,om
34029,om
34030,om
34031,om
34032,om
34033,om
34034,om
34562,om
34534,om
34535,om
34563,om
35520,om
35521,om
35522,om
45839,om
35523,om
35524,om
35525,om
35526,om
35527,om
35528,om
35529,om
35530,om
35533,om
35534,om
35535,om
35536,om
35537,om
35538,om
35539,om
35540,om
35541,om
35542,om
35543,om
35544,om
35545,om
35546,om
35547,om
35548,om
35549,om
35550,om
35551,om
35552,om
35553,om
35554,om
35555,om
35556,om
35557,om
45840,om
35558,om
35559,om
35560,om
35561,om
35562,om
35563,om
35564,om
35565,om
35566,om
45841,om
35567,om
35568,om
35569,om
35570,om
35571,om
35572,om
35573,om
35574,om
35575,om
35576,om
35577,om
35578,om
35579,om
35580,om
35581,om
35582,om
35583,om
35584,om
35585,om
35586,om
35587,om
35588,om
35589,om
35590,om
35591,om
35592,om
35593,om
35594,om
35595,om
35596,om
35597,om
35598,om
35599,om
35600,om
35602,om
35603,om
35604,om
35605,om
35606,om
35607,om
35608,om
35609,om
35610,om
35611,om
35612,om
35613,om
35614,om
35615,om
35616,om
35617,om
35618,om
35619,om
35620,om
35621,om
35622,om
35623,om
35624,om
44715,om
35625,om
35626,om
35627,om
35628,om
35629,om
35630,om
35631,om
35632,om
45842,om
45843,om
45844,om
53575,om
55269,om
45845,om
45846,om
45847,om
45848,om
45849,om
45850,om
45851,om
45852,om
45853,om
45854,om
45855,om
45856,om
45857,om
45858,om
45859,om
45860,om
45861,om
45862,om
45863,om
45864,om
45865,om
45866,om
45867,om
45868,om
45869,om
45870,om
45871,om
48546,om
51617,om
51618,om
51619,om
51620,om
51621,om
51622,om
51623,om
51624,om
51625,om
51626,om
51627,om
53574,om
51628,om
51629,om
51630,om
51631,om
51632,om
51633,om
51634,om
51635,om
51636,om
51637,om
51638,om
51639,om
51640,om
51641,om
51642,om
51643,om
51644,om
51645,om
51646,om
51647,om
51648,om
51649,om
51650,om
51651,om
55267,om
51652,om
51653,om
51654,om
51655,om
51656,om
51657,om
51658,om
51659,om
51660,om
53508,om
48547,om
48548,om
48549,om
48550,om
48551,om
48552,om
48553,om
48554,om
48555,om
48556,om
48557,om
48558,om
48559,om
48560,om
48561,om
48562,om
48563,om
48564,om
48565,om
48566,om
48567,om
48568,om
48569,om
48570,om
48571,om
48572,om
48573,om
48574,om
48575,om
48576,om
48577,om
48578,om
48579,om
48580,om
48581,om
48582,om
48583,om
48584,om
48585,om
48586,om
48587,om
48588,om
48589,om
48590,om
48591,om
48592,om
48593,om
48594,om
48595,om
48596,om
48597,om
48598,om
48599,om
48600,om
48601,om
48602,om
48603,om
48604,om
48605,om
48606,om
48607,om
48608,om
48609,om
48610,om
48611,om
48612,om
48613,om
48614,om
48615,om
48616,om
48617,om
48618,om
48619,om
48620,om
48621,om
48622,om
48623,om
48624,om
48625,om
48626,om
48627,om
48628,om
48629,om
49513,om
50670,om
50671,om
50672,om
50673,om
50674,om
50675,om
50676,om
50677,om
50678,om
50679,om
50680,om
50681,om
50682,om
50997,om
51401,om
51402,om
50915,om
51403,om
51404,om
50916,om
51405,om
50917,om
51406,om
51560,om
51561,om
50918,om
50919,om
50920,om
50921,om
50922,om
50923,om
50924,om
50925,om
51407,om
54447,om
50926,om
50927,om
50928,om
50929,om
50930,om
50931,om
51408,om
51409,om
51410,om
51411,om
51412,om
51413,om
51414,om
51415,om
51416,om
51417,om
51418,om
50932,om
51419,om
50933,om
51420,om
51421,om
51422,om
50934,om
50935,om
50936,om
50937,om
50938,om
51423,om
50939,om
50940,om
50941,om
51424,om
50942,om
50943,om
50944,om
51425,om
50945,om
50946,om
50947,om
50948,om
54492,om
50949,om
50950,om
51426,om
54448,om
50951,om
51427,om
50952,om
50953,om
50954,om
50914,om
51910,om
51911,om
51912,om
51913,om
51914,om
51915,om
51916,om
51917,om
51918,om
51919,om
51920,om
51924,om
51925,om
51926,om
51927,om
51928,om
51929,om
51933,om
51934,om
51935,om
51936,om
51938,om
51939,om
51940,om
51941,om
51942,om
51943,om
51944,om
51945,om
51946,om
51947,om
51948,om
51949,om
51950,om
51951,om
51952,om
51953,om
51954,om
51955,om
51956,om
51957,om
51958,om
51959,om
51960,om
51968,om
51969,om
51970,om
51971,om
51972,om
51973,om
51974,om
51975,om
51976,om
51977,om
51978,om
51979,om
51980,om
52052,om
52055,om
52779,om
52786,om
52787,om
52788,om
52790,om
52791,om
52792,om
52793,om
52794,om
52795,om
52796,om
52797,om
52798,om
53876,om
55652,om
55473,om
55474,om
55476,om
55477,om
55478,om
55479,om
55480,om
55481,om
55655,om
55482,om
55483,om
55560,om
55563,om
55564,om
55583,om
56104,om
56215,om
56216,om
56217,om
56218,om
56219,om
56220,om
56221,om
56222,om
56223,om
56224,om
56225,om
56413,om
56226,om
56227,om
56228,om
56229,om
56230,om
56414,om
56231,om
56232,om
56233,om
56234,om
56235,om
56236,om
56237,om
56238,om
56239,om
56240,om
56241,om
56242,om
56243,om
56244,om
56415,om
56245,om
56246,om
56247,om
56248,om
56249,om
56250,om
56251,om
56252,om
56253,om
56254,om
56255,om
56256,om
56257,om
56258,om
56259,om
56260,om
56261,om
56262,om
56263,om
56264,om
56265,om
56266,om
56267,om
56268,om
56353,om
56649,om
57428,om
12169,om
12170,om
12174,us
12175,cl
55765,us
12197,us
12200,us
12201,us
12204,mx
12205,ar
45814,au
12208,us
12211,cl
12212,us
50762,us
50763,us
50764,us
12217,ee
12219,tm
45966,us
12223,us
12224,us
12225,us
12226,us
12279,us
30737,bw
30738,bw
12233,au
12234,us
12235,lk
12237,us
12239,jp
12242,ru
12248,us
30739,us
12250,jp
12252,au
12254,au
12255,ru
12257,na
12259,za
12261,ru
12265,us
12267,us
12269,us
12271,us
12273,us
12274,us
12277,us
12278,us
12280,us
12283,fr
12287,us
57290,us
12290,eg
12292,qa
55600,ru
12302,au
12304,ru
12310,au
12311,us
12312,nz
12313,au
12315,us
12317,us
12318,us
12319,ca
12320,ca
51592,ru
12324,ru
12327,au
12328,fi
12330,us
12334,us
12338,in
12339,us
12340,us
12341,za
30742,ru
34493,de
12345,za
12346,au
12347,na
12350,us
12351,mw
12352,za
12354,us
44716,ru
12356,ru
12358,us
12359,us
12360,us
12361,us
12362,us
12365,pl
53825,ma
54553,tn
54564,tn
54554,tn
54555,tn
54556,tn
54557,tn
54558,tn
54559,tn
54560,tn
55605,tn
55606,tn
12366,ly
12367,jp
12372,au
12375,au
12376,us
49512,cn
56383,cn
56384,cn
12386,au
12387,au
12388,au
12389,us
12391,mx
12393,fr
51052,mx
12397,mx
12398,mx
12399,us
12400,us
48962,us
12401,us
12402,cl
12405,us
12406,cl
12407,cl
54648,cl
54649,cl
12409,ca
12410,us
12412,us
32764,it
12413,ar
12414,ma
12415,ma
12416,ma
12417,ma
12418,ma
12419,ma
12420,ma
12421,ma
12422,ma
12423,ma
12424,ma
12425,ma
12426,ma
12427,ma
12428,ma
12429,ma
12430,ma
12431,ma
12432,us
12436,au
12437,au
55549,au
12438,au
12439,au
12440,au
12441,au
12442,au
12443,au
12444,au
12445,au
12446,us
12447,au
12448,us
12449,us
12450,us
12452,us
12453,us
12454,us
12457,us
12458,au
12462,ch
12463,us
50998,us
12733,mx
55759,cl
12734,cl
12735,us
53492,us
12737,au
12738,au
12739,au
12741,us
52092,br
12744,us
12746,us
12750,us
12751,us
12752,us
12753,us
12754,ru
12761,no
12762,us
12763,sk
12764,us
55550,au
12766,us
12767,us
12770,cn
12771,us
14643,us
14644,us
14645,cn
14647,us
14648,us
14649,us
14651,us
14654,us
14656,us
14657,us
14658,ru
14660,au
14662,us
53484,us
14663,au
14665,us
14666,us
30743,us
14667,us
14668,us
14669,us
56075,cn
53635,us
14672,us
14673,us
14677,us
14679,us
14680,us
55762,ca
14682,us
14683,us
14694,us
14695,cn
14696,cn
14697,au
14698,us
14699,au
14700,au
14701,au
14702,us
14703,us
14704,us
44717,us
14705,mx
45815,ar
14707,us
14709,mx
14710,ar
54671,cl
54617,cl
54618,cl
54619,cl
57174,cl
57191,cl
57192,cl
57193,cl
57194,cl
57195,cl
57196,cl
57197,cl
57198,cl
57199,cl
57302,cl
57303,cl
57330,cl
57331,cl
57332,cl
57334,cl
57335,cl
57336,cl
57337,cl
57338,cl
14712,us
14713,us
14714,us
14715,us
45978,id
14719,au
14722,us
14725,us
14726,us
14727,us
14728,us
14729,us
14730,us
14731,us
14732,us
14733,us
14734,us
14735,us
14736,us
14737,us
14738,us
14739,us
14740,us
14741,us
14742,us
14743,us
14744,us
14745,us
14746,us
14747,us
14748,us
31364,us
30746,us
30747,us
35466,us
35467,us
35468,us
35469,us
35470,us
35471,us
35472,us
35473,us
31365,us
31366,us
31367,us
31368,us
31369,us
31370,us
31371,us
31372,us
31373,us
30748,us
32766,us
44718,us
45967,us
45968,us
52460,us
52461,us
52462,us
52463,us
52464,us
52526,us
52527,us
52528,us
52529,us
52530,us
52531,us
52532,us
52533,us
52465,us
14749,jm
14750,us
14751,us
14752,ar
30749,us
14758,us
14760,us
14761,us
14762,cl
14763,au
55542,au
30750,bw
15378,us
15381,ca
15384,zw
15388,sk
15389,de
15390,ly
30752,us
30753,us
30754,us
54684,us
15392,nz
15396,ru
15399,na
57454,us
15404,au
55331,us
15406,ca
15407,mn
15408,cl
15410,us
15412,au
15413,de
15415,us
15416,br
15417,cl
15420,us
15423,ua
15425,us
15427,ru
30755,ru
15428,us
15431,au
15433,us
15434,us
15435,us
15439,ru
15440,au
15442,td
30756,bw
15448,us
15449,ca
15450,us
15452,us
15456,tz
15457,us
15459,us
15460,us
15461,us
15462,us
15463,us
15464,us
15465,us
15466,us
15472,cl
15473,au
15474,ua
15475,us
15476,us
15477,us
15479,au
15480,au
15481,au
15482,au
15483,au
15484,au
34496,ar
15487,cl
15488,us
15490,us
15493,za
15494,us
44719,tn
44720,tn
44721,tn
54852,tn
16625,fi
16630,us
16633,ca
16641,au
16642,ca
16644,us
16646,us
16686,au
16687,us
16688,au
16690,us
16691,us
16693,br
16694,us
44722,eg
16704,us
16705,mx
16708,au
48952,us
16710,mx
16712,us
34059,us
16714,ru
16716,au
16718,us
16722,fr
16724,au
16728,us
16731,cl
16732,us
16734,au
16735,au
16739,au
16741,pl
16743,au
16744,us
16745,mx
16746,us
48656,za
16748,no
16749,us
16750,us
16751,br
16752,cl
51707,us
16753,us
16754,nz
16755,us
16757,us
16758,au
16760,au
16761,au
16763,za
16771,au
16772,au
16773,au
16774,au
16779,us
45812,au
16780,au
16781,au
52858,ug
16782,us
16783,us
16784,us
16785,au
16803,au
16806,us
16819,ma
16821,au
16822,au
16823,au
16824,au
16825,au
16826,au
16827,au
16829,au
16830,au
16831,au
16832,au
16833,au
16834,au
16835,au
16836,au
16837,au
16838,au
16839,au
16840,us
16842,ve
45979,om
16843,at
16844,za
45813,au
16845,us
16846,us
16847,au
16848,au
16849,au
16852,au
16853,au
16854,au
16855,au
16856,au
16857,au
16858,au
16859,au
16860,au
16861,au
16862,au
16863,au
16864,au
16865,au
16866,au
16867,au
16868,au
16869,au
16870,au
16871,au
54928,au
16872,au
16873,se
16876,au
16877,us
16878,au
16879,us
16880,us
16881,us
16883,ly
16884,ru
30757,eg
16886,us
16888,au
16894,hu
50766,ar
16895,sa
16896,cn
16897,in
16900,au
16901,na
16906,cn
16910,au
16911,au
16913,au
16915,au
16916,us
16917,us
16918,au
16919,se
16920,us
16921,us
16926,us
48657,us
16928,us
16929,us
16930,us
16931,us
16932,us
16933,us
16936,us
16937,us
16938,us
16939,cl
16942,us
16943,de
16946,us
16947,us
16949,ru
16951,us
16952,us
52094,us
16955,us
16956,us
16957,us
16958,us
16959,us
30758,us
16961,us
16962,us
16963,us
16969,us
52413,ar
16971,de
16978,au
16979,au
16986,ru
16987,au
47710,mr
16990,au
16991,us
16992,us
16993,us
16995,ru
16996,ar
16997,us
17001,cl
17002,au
17003,au
17035,ma
17004,au
17006,au
17007,au
17008,au
17009,us
17010,us
34271,ly
17012,ma
17013,ma
17014,ma
17015,ma
17016,ma
17018,ma
17019,ma
17020,ma
17021,ma
17022,ma
17023,ma
17024,ma
17025,ma
17026,ma
17027,ma
17028,ma
17029,ma
17030,ma
17031,ma
17032,ma
17033,ma
17034,ma
17036,ma
17037,ma
17038,ma
17039,ma
17040,ma
17041,ma
17042,ma
17043,ma
17044,ma
17045,ma
17046,ma
17047,ma
17048,ma
17049,ma
17050,ma
17051,ma
17052,ma
17053,ma
17054,ma
17055,ma
17056,ma
17062,ma
17371,ma
17147,ma
17153,ma
17337,ma
17338,ma
17339,ma
17340,ma
17349,ma
17360,ma
17374,ma
17375,ma
17376,ma
17383,ma
17394,ma
17399,dz
17408,ma
17415,ma
17425,ma
17432,mr
17609,dz
30923,dz
17629,ma
30911,dz
30912,dz
30913,dz
30914,dz
30915,dz
30916,dz
30917,dz
30918,dz
30919,dz
30920,dz
30921,dz
30922,dz
30924,dz
30925,dz
30926,dz
30927,dz
30928,dz
30929,dz
17663,ma
17664,ma
17665,ma
17666,ma
17667,ma
17668,ma
17669,ma
17670,ma
17672,ma
35355,dz
35378,dz
35392,dz
35394,dz
45437,ma
45438,ma
44942,ma
17723,ma
17724,ma
17725,ma
17726,ma
17727,ma
44983,ma
17728,ma
17729,ma
17730,ma
17731,ma
17732,ma
17733,ma
17734,ma
17738,ma
17739,ma
17740,ma
17741,ma
17742,ma
17743,ma
17744,ma
17745,ma
17746,ma
17747,ma
17763,ml
17764,ml
17765,ma
17786,ma
17787,ma
17788,ma
17789,ma
17790,ma
17791,ma
51538,ma
51736,dz
51717,ma
51718,ma
54490,ma
53891,ma
54565,ma
54874,eh
17804,ma
17805,ma
17809,ma
17810,ma
17811,ma
17812,ma
17813,ma
17814,ma
17815,ma
17816,ma
17817,ma
56074,eh
56073,ml
17819,dz
17820,dz
56103,ma
56314,eh
17838,ma
56654,ma
17840,ma
17841,ma
17842,ma
17843,mr
17844,ma
17845,ma
17846,ma
17849,dz
17850,ma
17852,ma
17853,ma
17854,ma
17855,ma
17857,ma
17861,ma
17862,ma
17863,ma
17864,ma
17866,ma
17867,ma
17870,ma
17871,ma
17874,ma
17875,ma
17877,ma
17977,au
17928,br
17931,kz
17932,ru
17937,mx
17939,au
17940,au
17941,au
48976,us
17961,au
17962,au
17963,au
17964,au
17965,au
50990,au
50991,au
50992,au
50993,au
17966,au
17967,au
17968,au
17971,au
17972,us
17973,us
17974,us
17975,us
17976,de
17980,us
35633,us
17981,ua
17985,us
17986,ua
17987,us
17992,us
17999,na
18001,us
18003,us
18004,us
18005,au
18006,au
55545,au
18007,us
18010,au
56392,us
18014,us
18016,us
18017,au
54931,au
54932,au
54933,au
54934,au
54935,au
54936,au
54937,au
54938,au
54939,au
54940,au
54941,au
54942,au
54943,au
54944,au
54945,au
54946,au
54947,au
54948,au
56643,au
18020,ru
54925,au
18021,cz
18022,au
18023,za
18028,fi
18029,ru
18031,us
18032,us
18035,us
18036,us
18037,ca
18041,ao
18043,mx
18044,us
18047,us
18048,dz
18049,ly
18051,dz
18054,ma
18056,us
18057,us
31283,us
18060,us
18061,us
18063,us
18064,ru
18065,ru
18066,us
18067,ba
18070,us
34061,ru
48959,br
18078,us
18080,us
31284,us
18081,us
18083,cl
18084,cl
18085,cl
18086,cl
18087,cl
18088,cl
18089,cl
18090,cl
54636,cl
54637,cl
54638,cl
54718,cl
54639,cl
54640,cl
54641,cl
54642,cl
54643,cl
54644,cl
54645,cl
54646,cl
54647,cl
54770,cl
18091,ar
18092,cl
18094,cl
18096,us
18097,au
31285,cl
54773,cl
55618,cl
57171,cl
57200,cl
57339,cl
57340,cl
57341,cl
18099,br
18104,us
18107,us
18113,br
18114,br
18115,us
18172,us
18174,kz
44796,us
18178,us
18182,us
18869,bo
34062,us
18783,us
18784,cn
18785,us
18787,au
18788,us
18789,ca
18791,us
18794,us
18795,us
18796,us
18802,ru
18803,ru
18805,au
18807,us
18810,in
18814,us
18815,us
18817,br
18819,us
18820,us
18821,au
18823,us
18824,us
18825,au
18826,us
55547,au
18827,au
18828,us
18829,us
18830,us
18833,br
18836,ar
18838,us
55548,au
18839,us
18840,us
18841,us
18842,us
18843,us
18844,us
54437,us
18845,fr
18847,dz
31297,dz
31298,dz
31299,dz
31300,dz
45006,dz
18848,us
18850,us
31301,pl
51587,ru
18852,au
18854,ne
18855,us
18856,us
18857,us
18861,ru
18863,ru
18866,us
18867,au
18868,au
18871,us
18872,us
18873,us
18875,us
52091,br
18877,us
18878,us
54561,us
54526,us
18880,us
18882,us
18884,id
18885,au
55719,au
18886,ru
18889,us
47700,au
18893,us
18894,mx
18895,us
18896,ar
18897,mx
18903,cl
32771,us
18906,us
35461,om
54475,tn
54610,cn
18909,eg
18910,us
35634,us
18911,dz
22359,mx
22362,br
22364,us
22365,au
51400,sa
22366,us
22367,au
22369,ch
22370,us
22372,us
56382,us
22373,ru
22374,au
22375,ru
45872,om
45873,om
45874,om
45875,om
45876,om
45877,om
45878,om
45879,om
45880,om
45881,om
45882,om
45883,om
45884,om
45885,om
45886,om
45887,om
45888,om
45889,om
45890,om
45891,om
45892,om
45893,om
45894,om
45895,om
45896,om
45897,om
45898,om
45899,om
45900,om
45901,om
45902,om
45903,om
45904,om
45905,om
45906,om
45907,om
45908,om
45909,om
45910,om
45911,om
45912,om
45913,om
48630,om
48631,om
55661,om
55518,om
22377,om
22378,om
22379,om
22380,om
22381,om
22382,om
31303,om
31304,om
31305,om
45914,om
45915,om
35635,om
45916,om
35636,om
35637,om
35638,om
35639,om
35640,om
35641,om
35642,om
35643,om
35644,om
45917,om
35645,om
35646,om
35647,om
35648,om
35649,om
35650,om
35651,om
35652,om
35653,om
35474,om
35654,om
35655,om
35656,om
35657,om
35658,om
35659,om
35660,om
35661,om
35662,om
35663,om
35664,om
35665,om
35666,om
35667,om
35668,om
35669,om
35670,om
35671,om
35672,om
35673,om
35674,om
35675,om
35676,om
35677,om
35678,om
35475,om
44797,om
35679,om
35680,om
35476,om
35681,om
35682,om
35683,om
35684,om
35685,om
35686,om
35687,om
35688,om
35689,om
35690,om
45918,om
45919,om
48632,om
48633,om
48634,om
50955,om
50956,om
50957,om
50958,om
50959,om
50960,om
50961,om
50962,om
50963,om
50964,om
50965,om
50966,om
50967,om
51868,om
51869,om
51870,om
51885,om
51886,om
51887,om
51888,om
51889,om
51890,om
51891,om
51892,om
51893,om
51894,om
51895,om
51896,om
51897,om
51898,om
51899,om
51900,om
51901,om
51902,om
51903,om
51904,om
51905,om
51906,om
51907,om
51908,om
51909,om
51981,om
51982,om
51983,om
51984,om
51985,om
51986,om
51987,om
51988,om
51989,om
51990,om
51991,om
51992,om
51993,om
51994,om
51995,om
51996,om
51997,om
52002,om
52003,om
52004,om
52054,om
52619,om
52620,om
55429,om
55641,om
55430,om
55642,om
55431,om
55643,om
55644,om
55645,om
55432,om
55433,om
55434,om
55435,om
55436,om
55437,om
55438,om
55439,om
55440,om
56411,om
55441,om
55442,om
55443,om
55444,om
55445,om
55446,om
55447,om
55646,om
55448,om
55449,om
55450,om
55451,om
55452,om
55453,om
55454,om
55455,om
55456,om
55457,om
55458,om
55459,om
55647,om
55648,om
55460,om
55461,om
55649,om
55650,om
55462,om
55463,om
55464,om
55465,om
55466,om
55467,om
55468,om
55651,om
55653,om
55654,om
55475,om
55484,om
55485,om
55486,om
55656,om
55487,om
55488,om
55489,om
55490,om
55491,om
55492,om
55493,om
55494,om
55495,om
55496,om
55657,om
55497,om
55498,om
55499,om
55500,om
55501,om
55502,om
55503,om
55504,om
55505,om
55506,om
55507,om
55508,om
55509,om
55510,om
55511,om
55512,om
55513,om
55514,om
55658,om
55515,om
55659,om
55660,om
55561,om
55562,om
22383,ma
22388,mx
22389,mx
22391,mx
44798,us
22393,us
22397,za
22399,au
22400,au
22401,us
22402,ly
22538,ca
22539,us
22540,us
22541,us
22542,us
22543,us
22544,us
22545,us
22546,us
31306,us
31307,us
31308,us
31309,us
22547,us
45969,us
45970,us
45971,us
52886,us
52891,us
52971,us
22548,us
22549,us
22550,us
22551,au
51705,ca
22552,us
22553,dz
22554,dz
22555,dz
22556,au
22557,au
22558,au
22559,au
22560,au
22561,au
22562,au
22563,au
22564,au
22565,au
22566,au
22567,au
22568,au
22569,au
22570,au
22571,au
22572,au
22573,au
22574,au
22575,au
22576,au
22577,au
22578,au
22579,au
22580,au
22581,au
22582,au
22583,au
56552,cl
22588,us
22591,us
56577,es
45007,mr
45008,mr
22594,au
22595,us
22596,cl
22598,ng
22600,us
22601,us
22604,us
22605,us
22606,ar
22608,br
22609,ar
55670,us
22612,au
22613,ca
22616,us
22617,us
22618,us
22619,us
32763,us
22620,us
22621,us
22622,us
22623,us
22624,us
52982,us
22662,us
22663,us
22664,us
22638,us
22639,us
22643,mx
22644,au
22645,us
22646,us
22647,us
22648,us
22649,us
52890,ru
22651,us
22652,na
22653,na
22654,na
22655,us
22656,us
22657,us
22658,us
22659,us
22660,us
22661,us
22665,us
22666,us
22667,us
22668,us
22669,us
22670,us
22671,us
22672,us
22673,us
22674,us
22675,us
22676,us
22677,us
22678,us
22679,us
22680,us
22681,us
22682,us
22683,us
22684,us
22685,us
22686,us
22687,us
22688,us
22689,us
22690,us
22691,us
22692,us
22693,us
22694,us
22695,us
22696,us
22697,us
22698,us
22699,us
22700,us
22701,us
22702,us
22703,us
22704,us
22705,us
22706,us
22707,us
22708,us
22709,us
22710,us
22711,us
22712,us
22713,us
22714,us
22715,us
22716,us
22717,us
22718,us
22719,us
22720,us
22721,us
22722,us
22723,us
22724,us
22725,us
22726,us
22727,us
22728,us
22729,us
22730,us
22731,us
22732,us
22733,us
22734,us
22735,us
22736,us
22737,us
22738,us
22739,us
22740,us
22741,us
22742,us
22743,us
22744,us
22745,us
22746,us
22747,us
22748,us
22749,us
22750,us
22751,us
22752,us
22753,us
22754,us
22755,us
22756,us
22757,us
22758,us
22759,us
22760,us
22761,us
22762,us
47360,us
48914,us
48991,us
22763,au
57434,us
22764,us
22765,hn
22767,us
22768,us
22769,us
22770,us
22771,us
22772,au
22774,us
22775,us
22776,sa
22777,sa
22778,sa
22779,us
22781,sk
22785,us
22786,us
22787,us
22788,us
22789,us
22790,gl
22794,us
34065,us
34066,us
34067,us
34068,us
45974,us
22795,ma
22797,us
23080,us
23096,fr
23720,fr
23105,mx
53813,cl
23106,cl
23108,us
23109,us
23110,fi
23112,us
23113,us
23116,us
23117,us
55265,us
23118,ar
23119,ar
23121,cl
23122,us
23123,mx
23124,us
47356,us
23125,mx
23126,cl
23127,cl
48680,cl
48681,cl
48682,cl
48683,cl
48684,cl
48685,cl
48686,cl
48687,cl
48688,cl
48689,cl
49492,cl
49493,cl
49494,cl
49495,cl
49496,cl
49497,cl
49498,cl
49499,cl
49500,cl
49501,cl
49502,cl
49503,cl
49504,cl
49505,cl
49506,cl
49507,cl
49508,cl
49509,cl
49510,cl
49511,cl
52374,cl
52375,cl
52376,cl
52377,cl
52378,cl
52379,cl
52380,cl
52643,cl
52644,cl
52645,cl
52381,cl
52382,cl
52646,cl
52383,cl
52384,cl
52385,cl
52386,cl
52387,cl
52388,cl
52647,cl
54439,cl
54440,cl
54477,cl
54441,cl
54442,cl
54443,cl
54444,cl
54445,cl
54827,cl
54828,cl
57201,cl
57202,cl
57304,cl
57305,cl
23131,us
23132,br
23133,us
23134,us
23135,us
23158,us
23156,us
23157,us
23160,mx
23162,br
23163,mx
23166,br
23167,co
23168,mx
35478,br
23169,mx
23170,br
23172,pt
23174,jp
23175,us
23177,us
23178,ru
23179,mn
23180,ly
23181,ly
23182,ly
23183,ly
23184,ly
23185,ly
23186,in
23189,us
23191,us
53806,us
23193,om
23194,om
23195,om
23196,om
23197,om
23198,om
23199,om
23200,om
23201,om
23202,om
23203,om
23204,om
23205,om
23206,om
23207,om
23208,om
23209,om
23210,om
23211,om
23212,om
23213,om
23214,om
23215,om
23216,om
23217,om
23218,om
23219,om
23220,om
23221,om
23222,om
23223,om
23224,om
23225,om
23226,om
23227,om
23228,om
23229,om
23230,om
23231,om
23232,om
23233,om
23234,om
23235,om
23236,om
23237,om
23238,om
23239,om
23240,om
23241,om
23242,om
23243,om
23244,om
23245,om
23246,om
23247,om
23248,om
23249,om
23250,om
23251,om
23252,om
23253,om
23254,om
23255,om
23256,om
23257,om
23258,om
23259,om
23260,om
23261,om
23262,om
23263,om
23264,om
23265,om
23266,om
23267,om
23268,om
23269,om
23270,om
23271,om
23272,om
23273,om
23274,om
23275,om
23276,om
23277,om
23278,om
23279,om
23280,om
23281,om
23282,om
23283,om
23284,om
23285,om
23286,om
23287,om
23288,om
23289,om
23290,om
23291,om
23292,om
23293,om
23294,om
23295,om
23296,om
23297,om
23298,om
23299,om
23300,om
23301,om
23302,om
23303,om
23304,om
23305,om
23306,om
23307,om
23308,om
23309,om
23310,om
23311,om
23312,om
23313,om
23314,om
23315,om
23316,om
23317,om
23318,om
23319,om
23320,om
23321,om
23322,om
23323,om
23324,om
23325,om
23326,om
23327,om
23328,om
23329,om
23330,om
23331,om
23332,om
23333,om
23334,om
23335,om
23336,om
23337,om
23338,om
23339,om
23340,om
23341,om
23342,om
23343,om
23344,om
23345,om
33994,om
33995,om
33996,om
33997,om
23346,om
23347,om
23348,om
23349,om
23350,om
23351,om
23352,om
23353,om
23354,om
23355,om
23356,om
31319,om
31320,om
31321,om
31322,om
31323,om
31324,om
33999,om
34000,om
31325,om
34004,om
31326,om
23357,om
23358,om
23359,om
23360,om
23361,om
23362,om
23363,om
23364,om
23365,om
23366,om
23367,om
23368,om
23369,om
23370,om
23371,om
23372,om
23373,om
23374,om
23375,om
23376,om
23377,om
23378,om
23379,om
23380,om
23381,om
23382,om
23383,om
23384,om
23385,om
23386,om
23387,om
23388,om
23389,om
23390,om
23391,om
23392,om
23393,om
23394,om
23395,om
23396,om
23397,om
23398,om
23399,om
23400,om
23401,om
23402,om
23403,om
23404,om
23405,om
23406,om
23407,om
23408,om
23409,om
23410,om
23411,om
23412,om
23413,om
23414,om
23415,om
23416,om
23417,om
23418,om
23419,om
23420,om
23421,om
23422,om
23423,om
23424,om
23425,om
23426,om
23427,om
23428,om
23429,om
23430,om
23431,om
23432,om
23433,om
23434,om
23435,om
23436,om
23437,om
23438,om
23439,om
23440,om
23441,om
23442,om
23443,om
23444,om
23445,om
23446,om
23447,om
23448,om
23449,om
23450,om
23451,om
23452,om
23453,om
23454,om
34005,om
34006,om
34007,om
34008,om
34009,om
34010,om
34011,om
34012,om
32488,om
34040,om
34041,om
34042,om
34043,om
34044,om
34045,om
34046,om
34047,om
34048,om
34049,om
34050,om
34051,om
34052,om
34053,om
34054,om
34055,om
34056,om
34057,om
34536,om
34537,om
34538,om
34539,om
34540,om
34541,om
34542,om
34543,om
34544,om
34545,om
34546,om
34547,om
34548,om
34549,om
34550,om
34551,om
34552,om
34553,om
35691,om
35692,om
36587,om
35693,om
35479,om
35696,om
35697,om
35698,om
35699,om
35700,om
35701,om
35705,om
35706,om
35707,om
35708,om
35709,om
35710,om
35711,om
35712,om
35713,om
35714,om
35715,om
53632,om
45920,om
45921,om
45922,om
45923,om
45924,om
45925,om
45926,om
45927,om
45928,om
45929,om
51661,om
45930,om
45931,om
45932,om
45933,om
45934,om
45935,om
45936,om
45937,om
45938,om
45939,om
45940,om
45941,om
45942,om
45943,om
45944,om
45945,om
45946,om
45947,om
45948,om
51662,om
51663,om
51664,om
51714,om
51665,om
51666,om
51667,om
48635,om
48636,om
48637,om
48638,om
48639,om
48640,om
48641,om
48642,om
48643,om
48644,om
48645,om
48646,om
48647,om
48648,om
52396,om
51428,om
50969,om
50970,om
50971,om
51429,om
50968,om
52861,om
52423,om
52409,om
52410,om
52427,om
52429,om
52430,om
52431,om
52432,om
51861,om
51865,om
51866,om
51867,om
51873,om
51879,om
51880,om
51881,om
51882,om
51883,om
51884,om
51930,om
51931,om
51932,om
51998,om
51999,om
52000,om
52001,om
52005,om
52006,om
52007,om
52008,om
52009,om
52617,om
52785,om
52789,om
55277,om
55469,om
55470,om
55471,om
55472,om
55516,om
55586,om
55553,om
55554,om
55555,om
55556,om
55557,om
55558,om
55559,om
55739,om
56095,om
56205,om
56206,om
56207,om
56208,om
56209,om
56348,om
56349,om
56350,om
56351,om
56352,om
56653,om
23456,za
23461,pl
23462,us
23466,us
23468,us
23469,us
23470,us
23471,us
23474,pl
23475,au
23477,ne
23478,us
23479,us
23480,us
23482,cz
23484,us
23485,us
23486,us
23488,us
23489,us
23490,us
23491,us
23492,us
54436,us
55293,us
23493,us
23494,us
23497,us
23498,us
23499,us
23503,cl
23505,us
23506,bo
23507,ru
23510,ru
23511,us
23513,us
52642,ir
23514,om
23515,om
23516,om
23518,om
23519,om
23520,om
51961,om
51962,om
51963,om
51964,om
51965,om
51966,om
51967,om
55604,om
56200,om
56201,om
56202,om
56203,om
56204,om
23522,us
23523,cn
23524,us
23526,us
23527,us
23528,us
23532,jp
23533,us
23535,us
23536,jp
23537,jp
23539,om
23540,om
23541,om
23542,om
23543,om
23544,om
23545,om
23546,om
23547,om
23548,om
23549,om
31327,om
31328,om
31329,om
23550,om
23551,om
23552,om
23553,om
23554,om
23555,om
23556,om
23557,om
23558,om
23559,om
23560,om
23561,om
23562,om
23563,om
23564,om
23565,om
23566,om
23567,om
23568,om
23569,om
23570,om
23571,om
23572,om
23573,om
23574,om
23575,om
23576,om
23577,om
23578,om
23579,om
34554,om
34555,om
34556,om
34557,om
35716,om
35717,om
35718,om
35719,om
35720,om
35721,om
35722,om
35723,om
35724,om
35725,om
35726,om
35727,om
45949,om
51668,om
51669,om
51670,om
51671,om
51672,om
51715,om
51673,om
51674,om
51675,om
51676,om
51677,om
51678,om
45950,om
51679,om
51680,om
51681,om
51682,om
51683,om
51684,om
51685,om
51686,om
51687,om
51688,om
45951,om
45952,om
45953,om
45954,om
45955,om
51689,om
51690,om
51691,om
45956,om
51692,om
51693,om
51694,om
51695,om
51696,om
51697,om
51698,om
51699,om
51700,om
51701,om
51702,om
51703,om
51704,om
55268,om
45957,om
48649,om
47733,om
53579,om
48650,om
48955,om
50972,om
51590,om
52053,om
52604,om
52605,om
52782,om
52783,om
55397,om
55726,om
56406,om
23580,kp
23581,us
23585,us
23587,mx
23588,ar
23589,us
23590,cl
23591,cl
23592,mx
45009,dz
23595,us
23596,us
23597,us
23598,us
23599,us
23600,au
23601,us
23602,ru
23604,za
23607,ly
23608,ly
23609,ly
23610,ly
23612,in
23615,ml
23618,eg
23622,ca
23623,ca
23625,us
23627,au
23628,au
23629,au
23630,au
23632,au
23633,au
23634,au
23635,au
23636,au
23637,au
23638,au
23639,au
23640,au
23641,au
23642,au
23643,au
50973,au
50995,au
50996,au
50983,au
50984,au
50985,au
50986,au
55399,au
55400,au
55401,au
23644,us
23646,ru
23647,us
23648,ma
23649,us
23650,us
23651,us
23652,us
23654,us
57453,us
23655,us
23656,au
23657,us
23658,us
23659,us
23662,br
23664,mx
23665,us
23666,us
23669,us
23673,ru
23675,us
23676,us
23677,sa
23679,om
23680,us
23682,ca
23686,us
23687,us
23688,us
23689,us
23690,us
23691,us
23692,ca
56165,us
56166,us
23694,ru
23079,us
23084,na
23085,us
23086,us
23088,us
23094,us
23095,us
44800,us
23714,au
23715,us
23716,us
23098,ch
23722,de
56575,us
23723,us
55530,us
55531,us
55588,us
55532,us
55533,us
55534,us
55535,us
55536,us
55537,us
55538,us
55539,us
55528,us
55551,au
31330,us
23727,us
23730,us
23731,au
23734,us
52752,us
23735,us
45010,ma
23739,ua
23740,us
23743,us
23744,us
23746,us
23747,us
23748,us
23749,us
23750,us
23751,us
23752,us
23753,us
23754,us
23755,us
23756,us
23757,us
23758,us
32767,us
34064,us
32768,us
31331,us
31332,us
44801,us
23759,us
23761,us
23762,ru
23763,us
23764,jp
23765,sa
23766,sa
23767,sa
23768,us
23769,ru
23770,us
47342,pl
23772,ru
23774,de
23775,au
23777,us
23779,ne
23780,us
23781,us
23783,ma
23785,us
23786,us
23787,cn
23830,dz
23792,ma
23793,us
51737,us
23794,cl
23796,cl
23797,pe
23798,dz
23799,mn
23802,dz
23803,dz
23804,dz
23805,dz
23806,dz
23807,dz
23808,dz
23809,dz
23810,dz
23811,dz
23812,dz
23813,dz
23814,dz
23815,dz
23816,dz
23817,dz
23818,dz
23819,dz
23820,dz
23821,dz
23822,dz
23823,dz
23824,dz
23825,dz
23826,dz
23827,dz
23828,dz
23829,dz
23831,dz
23832,dz
23833,dz
23834,dz
23835,dz
23836,dz
23837,dz
23838,dz
23839,dz
23840,dz
23841,dz
23842,dz
23843,dz
23844,dz
23845,dz
23846,dz
23847,dz
23848,dz
23849,dz
23850,dz
23851,dz
23852,dz
23853,dz
23854,dz
23855,dz
23856,dz
23857,dz
23858,dz
23859,dz
23860,dz
23861,dz
23862,dz
23863,dz
23864,dz
23865,dz
23866,dz
23867,dz
23868,dz
23869,dz
23870,dz
23871,dz
31333,dz
31334,dz
31335,dz
31336,dz
31337,dz
31338,dz
31339,dz
31340,dz
31341,dz
31342,dz
31343,dz
31344,dz
31345,dz
31346,dz
31347,dz
31348,dz
35728,dz
35729,dz
23872,jp
51580,ml
23874,ma
23875,ma
23876,mx
23878,ru
23879,om
23880,us
23881,ne
23882,ne
23883,ne
23886,us
23889,au
23891,us
23892,us
23893,us
23894,us
23895,us
23896,jp
23901,mx
23902,cz
23903,cl
23905,it
23906,us
23907,au
23972,au
23973,us
23974,us
23977,gl
53890,us
45958,om
51862,om
23978,au
23979,ca
23980,us
23981,au
23982,au
23983,cn
23985,dz
23986,au
23987,au
52043,tn
52044,tn
52045,tn
52046,tn
52047,tn
52048,tn
52049,tn
56284,tn
56285,tn
56405,tn
56286,tn
56287,tn
56288,tn
23988,us
23990,eh
23991,ne
23992,ne
23993,ne
23994,ne
23995,ne
23996,ne
23997,ne
31349,ne
24000,us
57160,us
24001,ly
24002,ne
24003,il
56556,tn
24005,dz
24006,us
24010,us
24013,mx
24014,us
24016,us
24017,us
24018,mx
24021,us
24022,us
24025,us
24027,au
24031,mx
24033,ar
31350,dz
31351,dz
24034,ru
47702,ma
24035,us
24039,jp
24040,us
24041,us
24045,us
24047,mx
24052,ml
35339,us
24055,us
24056,us
24058,ru
24061,us
24064,us
24065,us
54682,us
54683,us
24066,us
24067,us
24069,us
24070,us
24072,us
24073,us
24074,us
24075,us
24076,us
24077,us
24078,us
24079,us
24080,us
24081,us
50908,us
35730,us
51585,us
51851,us
51852,us
52014,us
51853,us
51854,us
51855,us
51856,us
53844,us
56551,us
24084,au
24085,us
24087,ro
24088,ch
24089,us
24090,us
24091,us
24092,us
24093,us
24100,us
24102,ly
24105,so
24107,au
24109,se
45816,ru
24110,us
24111,sa
24113,us
24115,om
24116,om
24117,om
51871,om
51872,om
51874,om
51875,om
51876,om
51877,om
51878,om
55416,om
55417,om
56102,om
55418,om
55419,om
55420,om
55421,om
55638,om
55422,om
55639,om
55423,om
55424,om
55425,om
56410,om
55426,om
55640,om
55427,om
55428,om
24120,sa
24122,us
35414,ae
51025,ae
51026,ae
51027,ae
51028,ae
51029,ae
51030,ae
51031,ae
51032,ae
51033,ae
51034,ae
51035,ae
51036,ae
51037,ae
51038,ae
51039,ae
51040,ae
51041,ae
51042,ae
51588,ae
51043,ae
51044,ae
51045,ae
51046,ae
51047,ae
51048,ae
51049,ae
51050,ae
24124,de
24126,ru
24130,mx
24131,br
24127,om
24128,ye
24133,ru
24134,us
24137,us
24138,ng
24139,us
24141,za
24142,cl
24148,us
24150,fi
24152,us
24153,fi
24155,au
24157,ru
24159,us
24160,us
24161,ar
24163,br
24164,ua
24166,ru
31352,ua
24167,us
24170,cz
24171,za
24172,ar
24173,nz
24175,us
24176,no
24177,mx
24178,mx
24182,fr
24184,au
24186,au
48953,br
24192,ca
24193,ru
24194,sa
24195,us
24196,us
24197,us
24198,nz
24199,nz
24200,us
24201,us
24202,us
24203,us
24204,us
24206,us
24207,au
24208,us
24209,us
24211,us
24212,au
24213,au
24214,us
32769,us
24217,us
24219,us
24220,us
55758,us
24221,au
24222,au
52942,au
52650,au
52651,au
52652,au
52943,au
52653,au
52654,au
52655,au
52656,au
52944,au
56644,au
24224,us
24225,us
24226,us
24227,us
24228,au
24229,au
24230,au
45011,cn
24234,us
24235,ca
24236,us
24237,us
24238,us
24239,us
24240,us
24241,us
24242,us
24243,de
24245,au
24246,us
24247,au
24248,us
24252,us
24253,us
47345,ca
24254,us
24255,au
24256,us
24257,us
24258,us
24260,us
24261,au
24262,us
24264,us
24265,au
24266,us
24267,us
24268,us
24269,us
24270,us
24271,us
24272,au
24273,us
24274,us
51581,us
51582,us
51583,us
51584,us
52851,us
24275,us
24276,us
24277,au
47353,us
24278,us
24279,us
24280,us
24282,us
24283,za
55552,au
24284,au
24285,us
47732,us
24319,au
24320,us
24326,au
24328,us
24329,au
50910,ca
24330,us
24332,us
24333,us
24335,au
24336,us
24338,us
24339,us
24341,cn
24343,au
24344,ca
54608,cn
24347,cn
51008,sa
51009,sa
48974,sa
24354,au
24758,ke
24759,ke
24760,ke
24761,ke
24762,ke
24763,ke
24764,ke
24765,ke
24766,ke
24767,ke
24768,ke
24769,ke
24770,ke
24771,ke
24772,ke
24773,ke
24774,ke
24775,ke
24776,ke
24778,ke
24779,ke
24780,ke
24781,ke
24782,ke
24783,ke
24784,ke
24785,ke
24786,ke
24787,ke
24788,ke
24789,ke
24790,ke
24791,ke
24792,ke
24793,ke
24794,ke
24797,ke
24798,ke
24799,ke
24800,ke
24801,ke
24802,ke
24803,ke
24804,ke
24805,ke
24807,ke
24808,ke
24809,ke
24810,ke
24811,ke
24812,ke
24813,ke
24814,ke
24839,ke
24840,ke
24841,ke
24842,ke
24843,ke
24844,ke
24845,ke
24846,ke
24847,ke
24848,ke
24849,ke
24850,ke
24851,ke
24852,ke
24853,ke
24854,ke
24855,ke
24856,ke
24857,ke
24858,ke
24859,ke
24860,ke
24861,ke
24862,ke
24863,ke
24864,ke
24865,ke
24866,ke
24867,ke
24868,ke
24869,ke
24870,ke
24872,ke
24873,ke
24874,ke
24875,ke
24876,ke
24877,ke
24878,ke
24879,ke
24880,ke
24881,ke
24882,ke
24883,ke
24884,ke
24885,ke
24886,ke
24887,ke
24888,ke
24889,ke
24890,ke
24891,ke
24892,ke
24893,ke
24894,ke
24895,ke
24896,ke
24897,ke
24898,ke
24899,ke
24900,ke
24901,ke
24902,ke
24903,ke
24904,ke
24905,ke
24906,ke
24907,ke
24908,ke
24909,ke
24910,ke
24911,ke
24912,ke
24913,ke
24915,ke
24916,ke
24917,ke
24918,ke
24919,ke
24920,ke
24921,ke
24922,ke
24923,ke
24924,ke
24925,ke
24926,ke
24927,ke
24928,ke
24929,ke
24930,ke
24931,ke
24932,ke
24933,ke
24934,ke
24935,ke
24936,ke
24937,ke
24938,ke
24939,ke
24940,ke
24942,ke
24943,ke
24944,ke
24945,ke
24946,ke
24947,ke
24948,ke
24949,ke
24952,ke
24953,ke
24954,ke
24955,ke
24956,ke
24958,ke
24959,ke
24960,ke
24961,ke
24962,ke
24963,ke
24964,ke
24965,ke
24967,ke
24968,ke
24969,ke
24970,ke
24971,ke
24973,ke
24974,ke
24975,ke
24976,ke
24977,ke
24978,ke
24980,ke
24993,ke
24994,ke
24995,ke
24997,ke
24998,ke
24999,ke
25000,ke
25001,ke
25003,ke
25004,ke
25005,ke
25006,ke
25007,ke
25008,ke
25009,ke
25010,ke
25011,ke
25012,ke
25013,ke
25014,ke
25015,ke
30347,au
30349,mx
30351,au
48950,au
30353,au
30354,au
30355,au
52945,au
30356,au
30357,au
30359,au
30360,at
54765,us
52641,us
30361,au
30362,au
30363,cn
30364,us
30365,cn
30367,us
30368,us
30371,us
30373,au
30374,au
55793,cn
30375,us
57175,us
57158,us
57159,us
30376,ru
30381,mx
30383,us
30385,ma
30387,ma
30390,pl
30392,mx
30394,mx
30398,dz
31353,dz
30400,us
30402,mr
30403,dz
31354,ru
54609,cn
30405,ru
30406,cn
31355,ly
31356,ly
30409,ne
30410,cz
31357,ru
30414,us
2277,us
2280,us
2281,us
2282,ma
2283,cz
2286,us
2287,us
2289,dz
2291,us
2292,mx
2293,us
2297,ua
2300,us
2306,ca
2307,us
45975,ma
2308,us
2309,au
57455,us
2310,us
56391,us
2311,us
2312,ru
2314,ma
2315,us
2317,mx
2319,ru
2323,us
45408,in
2324,ru
2326,us
2327,us
2328,us
2330,ne
2331,us
2332,mx
47346,us
2333,us
30441,ne
2334,au
2335,cn
2336,us
2337,au
2338,sa
2339,us
2341,au
2343,na
2347,us
2348,us
2349,us
2350,sa
51563,ly
51564,ly
53616,ly
53630,ly
56099,ly
2351,in
53892,ne
2354,sa
4882,eg
4886,us
4890,us
4891,us
4892,us
56393,us
4894,us
4897,us
4898,ua
4901,us
4909,au
4911,us
4912,om
4914,au
4915,us
4916,us
4918,fr
4919,mx
4920,us
4921,it
4923,tm
4924,us
4927,au
4929,au
4930,us
4931,au
4932,br
48651,th
4939,cl
4940,br
4941,it
4945,it
4950,cl
4951,au
4952,us
4953,us
44704,mn
4955,us
4973,us
51586,ru
4978,us
4980,uy
4981,au
4982,us
4983,us
4985,us
4987,us
4988,dz
4989,dz
4994,us
4995,us
4996,us
5003,mx
5004,us
5006,za
5007,ca
5008,us
5010,dz
5014,au
5015,br
5016,au
5017,us
54854,cz
54855,cz
5019,ma
5020,us
5022,us
5025,de
5027,ua
54851,ca
5030,us
5031,us
5033,us
30444,kz
52648,au
54929,au
54930,au
56590,au
50765,us
5044,au
5046,ru
5047,us
5048,au
5049,au
5050,au
55546,au
5052,au
5053,sa
5054,dz
48983,ly
48904,tn
48905,tn
48906,tn
48907,tn
48908,tn
48909,tn
48910,tn
48911,tn
48912,tn
5057,kz
5058,us
5061,us
5062,de
5066,us
32765,us
5067,us
5069,us
5070,ca
56564,us
45973,cl
5074,us
5075,ca
45972,us
5077,au
30445,us
5078,us
5079,us
5080,us
5081,us
5082,us
5083,us
5084,us
5085,us
5086,us
45959,us
51574,us
51575,us
54474,us
51576,us
51577,us
51578,us
51579,us
52962,us
5087,us
5088,us
5091,us
5092,br
5094,ru
5095,us
5096,kz
5099,cz
5101,ru
5102,au
5103,ph
5104,us
5105,us
5106,us
5107,au
5108,au
5109,au
5115,us
5116,us
53812,ma
5118,dz
5119,ma
57216,ma
57217,ma
57347,ma
57348,ma
52888,ma
52852,us
35487,us
5120,fr
5122,za
5124,us
5125,us
5126,au
5127,au
5129,us
5130,by
5131,us
5132,us
5136,us
5137,us
5139,us
5141,us
5142,us
5143,us
5144,za
5145,us
5146,au
5147,us
5148,us
5149,us
5150,us
5151,us
5152,us
5153,us
5154,us
5155,us
5158,ca
30446,us
35488,us
35489,us
44705,us
55342,us
55334,us
5160,au
5161,ru
5162,mx
51831,us
5164,au
54611,us
5166,et
5167,us
5168,ru
5170,us
5171,ru
5172,us
5173,au
57342,us
5174,us
5176,au
45985,ca
5179,za
5180,us
5182,us
5188,mx
5189,ar
5190,cl
5192,us
5193,au
5194,au
5196,cl
5197,us
54446,cl
54620,cl
54621,cl
54622,cl
54623,cl
54624,cl
54625,cl
54626,cl
54627,cl
54628,cl
54629,cl
54630,cl
54631,cl
54632,cl
54633,cl
54634,cl
54635,cl
54829,cl
54830,cl
5198,us
5201,us
5203,us
5204,au
5205,au
5206,au
5207,au
5208,au
5209,au
5210,au
5211,au
5212,au
5213,au
5214,au
5215,au
5216,au
5217,au
5218,au
5219,au
5220,au
5221,au
5222,au
5223,au
5224,au
5225,au
5226,au
5227,au
5228,au
5229,au
5230,au
5231,au
5233,au
5234,au
5235,au
5236,au
5237,au
5238,au
5239,au
5240,au
5241,au
5242,au
5243,au
50974,au
50975,au
50976,au
50977,au
50978,au
50979,au
50980,au
50981,au
50982,au
50987,au
50988,au
50989,au
55717,au
53490,us
5245,us
52093,br
5246,ar
5247,ar
5254,us
5255,us
5256,us
5257,us
5258,us
5261,za
5262,gl
5263,ar
30449,ne
5266,mx
5267,cl
5268,au
50912,us
5270,mx
5271,au
5272,au
5273,au
5274,au
5275,au
5277,us
5278,us
5279,au
5281,au
5282,us
5283,au
5284,us
5285,mx
5286,us
5287,us
5288,ar
5289,br
30450,it
5294,au
5297,us
55756,cl
56101,cl
56279,cl
56671,cl
56672,cl
56673,cl
57172,cl
57173,cl
57176,cl
57177,cl
57178,cl
57179,cl
57180,cl
57181,cl
57182,cl
57183,cl
57184,cl
57185,cl
57186,cl
57291,cl
57292,cl
57293,cl
57294,cl
57295,cl
57296,cl
57297,cl
57298,cl
57299,cl
57300,cl
57301,cl
57327,cl
57328,cl
57329,cl
5298,ca
5299,us
5300,us
5302,us
5303,us
5304,us
5305,us
5309,cl
44877,pe
5310,mx
5317,us
5318,ca
5319,cl
53491,us
5323,cn
5324,us
5326,mx
5333,ru
5335,ru
5336,ru
5343,us
44706,us
5346,us
5347,us
5348,us
5350,mx
5351,us
5352,gt
5353,ru
5354,mr
52013,us
5360,au
5361,us
5362,us
5363,mx
5366,us
5367,us
5369,us
5370,us
5371,us
5373,us
5375,us
5376,us
5377,us
5378,us
5379,us
5380,us
5381,us
5384,us
5385,us
5386,us
5387,mx
5388,cl
5390,au
5391,au
5392,au
5393,au
51051,us
5394,us
5396,us
5398,us
5399,us
5400,us
5402,us
5404,es
5405,mx
5407,us
5410,us
5411,us
5412,au
5413,au
5414,us
5415,us
5416,au
53877,us
5417,us
55768,fr
5421,au
5422,au
5423,au
5424,au
5425,au
5426,au
5427,au
5428,au
5429,au
5430,au
54926,au
54927,au
5431,us
5432,au
5433,au
5434,us
5435,au
5436,us
5437,au
5438,us
5439,au
5440,us
5441,us
5442,cl
44707,us
54859,us
5445,ar
5446,au
5447,us
5448,cl
5449,us
5450,us
5452,au
5453,us
5454,us
30451,us
5455,us
5456,us
5457,au
5458,au
30452,us
30453,us
30454,us
30455,us
30456,us
30457,us
30458,us
30459,us
30460,us
30461,us
30462,us
30463,us
30464,us
30465,us
30466,us
30467,us
30468,us
30469,us
30470,us
30471,us
30472,us
30473,us
30474,us
30475,us
30476,us
30477,us
30478,us
30479,us
30480,us
30481,us
30482,us
30483,us
30484,us
30485,us
30486,us
30487,us
30488,us
30489,us
30490,us
30491,us
30492,us
30493,us
30494,us
30495,us
30496,us
30497,us
45960,us
45961,us
45962,us
45963,us
52804,us
5459,us
44708,us
5460,au
5461,us
5462,us
5463,au
5464,us
5466,br
5468,au
5472,us
5473,au
44709,us
5478,mx
51739,ar
5479,cu
5480,us
5481,us
5482,us
5483,us
5484,us
5485,us
5486,us
5487,us
5488,us
5489,us
5490,us
5491,us
52974,us
52978,us
52979,us
52980,us
51573,us
52856,us
52967,us
52968,us
5493,us
5494,us
5495,us
5497,mx
5547,ly
5499,us
5503,ar
5505,us
5506,au
5507,au
5508,us
5509,us
5510,us
5512,gb
5516,dz
5517,ly
5518,ly
5519,ly
5520,ly
5521,ly
5522,ly
5523,ly
5524,ly
5525,ly
5526,ly
5527,ly
5528,ly
5529,ly
5530,ly
5531,ly
5532,ly
5533,ly
5534,ly
5535,ly
5536,ly
5537,ly
5538,ly
5539,ly
5540,ly
5541,ly
5542,ly
5543,ly
5544,ly
5545,ly
5546,ly
5548,ly
5549,ly
5550,ly
5551,ly
5552,ly
5553,ly
5554,ly
5555,ly
5556,ly
5557,ly
5558,ly
5559,ly
5560,ly
5561,ly
5562,ly
5563,ly
5564,ly
5565,ly
5566,ly
5567,ly
5568,ly
5569,ly
5570,ly
5571,ly
5572,ly
5573,ly
5574,ly
5575,ly
5576,ly
5577,ly
5578,ly
5579,ly
5580,ly
5581,ly
5582,ly
5583,ly
5584,ly
5585,ly
5586,ly
5587,ly
5588,ly
5589,ly
5590,ly
5591,ly
5592,ly
5593,ly
5594,ly
5595,ly
5596,ly
5597,ly
5598,ly
5599,ly
5600,ly
5601,ly
5602,ly
5603,ly
5604,ly
5605,ly
5606,ly
5607,ly
5608,ly
5609,ly
5610,ly
5611,ly
5612,ly
5613,ly
5614,ly
5615,ly
5616,ly
5617,ly
5618,ly
5619,ly
5620,ly
5621,ly
5622,ly
5623,ly
5624,ly
5625,ly
5626,ly
5627,ly
5628,ly
5629,ly
5630,ly
5631,ly
5632,ly
5633,ly
49486,ly
49487,ly
5634,ly
5635,ly
5636,ly
5637,ly
5638,ly
5639,ly
5640,ly
5641,ly
5642,ly
34018,ly
30498,ly
30499,ly
5643,ly
5644,ly
5645,ly
5646,ly
5647,ly
5648,ly
5649,ly
5650,ly
5651,ly
5652,ly
5653,ly
30500,ly
5654,ly
30501,ly
32785,ly
44710,ly
44878,ly
44879,ly
49488,ly
44880,ly
44881,ly
47348,ly
5655,ly
47349,ly
51562,ly
53617,ly
53636,ly
53637,ly
53638,ly
53767,ly
54650,ly
56098,ly
5656,ly
56412,ly
56304,ly
56648,ly
5657,ly
5658,ly
5659,ly
5660,ly
5661,ly
5662,ly
5663,ly
5664,ly
5665,ly
5666,ly
5667,ly
5668,ly
5669,ly
5670,ly
5671,ly
5672,ly
5673,ly
5674,ly
5675,ly
5676,ly
5677,ly
5678,ly
5679,ly
5680,ly
5681,ly
5682,ly
5683,ly
5684,ly
5685,ly
5686,ly
5687,ly
5688,ly
5689,ly
5690,ly
5691,ly
5692,ly
5693,ly
5694,ly
5695,ly
5696,ly
5697,ly
5698,ly
5699,ly
5700,ly
5701,ly
5702,ly
5703,ly
5704,ly
5705,ly
5706,ly
5707,ly
5708,ly
5709,ly
5710,ly
5711,ly
5712,ly
5713,ly
5714,ly
5715,ly
5716,ly
5717,ly
5718,ly
5719,ly
5720,ly
5721,ly
5722,ly
5723,ly
5724,ly
5725,ly
5726,ly
5727,ly
5728,ly
5729,ly
5730,ly
5731,ly
5732,ly
5733,ly
5734,ly
5735,ly
5736,ly
5737,ly
5738,ly
5739,ly
5740,ly
5741,ly
5742,ly
5743,ly
5744,ly
5745,ly
5746,ly
5747,ly
5748,ly
5749,ly
5750,ly
5751,ly
5752,ly
5753,ly
5754,ly
5755,ly
5756,ly
5757,ly
5758,ly
5759,ly
5760,ly
5761,ly
5762,ly
5763,ly
5764,ly
5765,ly
5766,ly
5767,ly
5768,ly
5769,ly
5770,ly
5771,ly
5772,ly
5773,ly
5774,ly
5775,ly
5776,ly
5777,ly
5778,ly
5779,ly
5780,ly
5781,ly
5782,ly
5783,ly
5784,ly
5785,ly
5786,ly
5787,ly
5788,ly
5789,ly
5790,ly
5791,ly
5792,ly
5793,ly
5794,ly
5795,ly
5796,ly
5797,ly
5798,ly
5799,ly
5800,ly
5801,ly
5802,ly
5803,ly
5804,ly
5805,ly
5806,ly
5807,ly
5808,ly
5809,ly
5810,ly
5811,ly
5812,ly
5813,ly
5814,ly
5815,ly
5816,ly
5817,ly
5818,ly
5819,ly
5820,ly
5821,ly
5822,ly
5823,ly
5824,ly
5825,ly
5826,ly
5827,ly
5828,ly
5829,ly
5830,ly
5831,ly
5832,ly
5833,ly
5834,ly
5835,ly
5836,ly
5837,ly
5838,ly
5839,ly
5840,ly
5841,ly
5842,ly
5843,ly
5844,ly
5845,ly
5846,ly
5847,ly
5848,ly
5849,ly
5850,ly
5851,ly
5852,ly
5853,ly
5854,ly
5855,ly
5856,ly
5857,ly
5858,ly
5859,ly
5860,ly
5861,ly
5862,ly
5863,ly
5864,ly
5865,ly
5866,ly
5867,ly
5868,ly
5869,ly
5870,ly
5871,ly
5872,ly
5873,ly
5874,ly
5875,ly
5876,ly
5877,ly
5878,ly
5879,ly
5880,ly
5881,ly
5882,ly
5883,ly
5884,ly
5885,ly
5886,ly
5887,ly
5888,ly
5889,ly
5890,ly
5891,ly
5892,ly
5893,ly
5894,ly
5895,ly
5896,ly
5897,ly
5898,ly
5899,ly
5900,ly
5901,ly
5902,ly
5903,ly
5904,ly
5905,ly
5906,ly
5907,ly
5908,ly
5909,ly
5910,ly
5911,ly
5912,ly
5913,ly
5914,ly
5915,ly
5916,ly
5917,ly
5918,ly
5919,ly
5920,ly
5921,ly
5922,ly
5923,ly
5924,ly
5925,ly
5926,ly
5927,ly
5928,ly
5929,ly
5930,ly
5931,ly
5932,ly
5933,ly
5934,ly
5935,ly
5936,ly
5937,ly
5938,ly
5939,ly
5940,ly
5941,ly
5942,ly
5943,ly
5944,ly
5945,ly
5946,ly
5947,ly
5948,ly
5949,ly
5950,ly
5951,ly
5952,ly
5953,ly
5954,ly
5955,ly
5956,ly
5957,ly
5958,ly
5959,ly
5960,ly
5961,ly
5962,ly
5963,ly
5964,ly
5965,ly
5966,ly
5967,ly
5968,ly
5969,ly
5970,ly
5971,ly
5972,ly
5973,ly
5974,ly
5975,ly
5976,ly
5977,ly
5978,ly
5979,ly
5980,ly
5981,ly
5982,ly
5983,ly
5984,ly
5985,ly
5986,ly
5987,ly
5988,ly
5989,ly
5990,ly
5991,ly
5992,ly
5993,ly
5994,ly
5995,ly
5996,ly
5997,ly
5999,ly
6000,ly
6001,ly
6002,ly
6003,ly
6004,ly
6005,ly
6006,ly
6007,ly
6008,ly
6009,ly
6010,ly
6011,ly
6012,ly
6013,ly
6014,ly
6015,ly
6016,ly
6017,ly
6018,ly
6019,ly
6020,ly
6021,ly
6022,ly
6023,ly
6024,ly
6025,ly
6026,ly
6027,ly
6028,ly
6029,ly
6030,ly
6031,ly
6032,ly
6033,ly
6034,ly
6035,ly
6036,ly
6037,ly
6038,ly
6039,ly
6040,ly
6041,ly
6042,ly
6043,ly
6044,ly
6045,ly
6046,ly
6047,ly
6048,ly
6049,ly
6050,ly
6051,ly
6052,ly
6053,ly
6054,ly
6055,ly
6056,ly
6057,ly
6058,ly
6059,ly
6060,ly
6061,ly
6062,ly
6063,ly
6064,ly
6065,ly
6066,ly
6067,ly
6068,ly
6069,ly
6070,ly
6071,ly
6072,ly
6073,ly
6074,ly
6075,ly
6076,ly
6077,ly
6078,ly
6079,ly
6080,ly
6081,ly
6082,ly
6083,ly
6084,ly
6085,ly
6086,ly
6087,ly
6088,ly
6089,ly
6090,ly
6092,ly
6093,ly
6094,ly
6095,ly
6096,ly
6097,ly
6098,ly
6099,ly
6100,ly
6101,ly
6102,ly
6103,ly
6104,ly
6105,ly
6106,ly
6107,ly
6108,ly
6109,ly
6110,ly
6111,ly
6112,ly
6113,ly
6114,ly
6115,ly
6116,ly
6117,ly
6118,ly
6119,ly
6120,ly
6121,ly
6122,ly
6123,ly
6124,ly
6125,ly
6126,ly
6127,ly
6128,ly
6129,ly
6130,ly
6131,ly
6132,ly
6133,ly
6134,ly
6135,ly
6136,ly
6137,ly
6138,ly
6139,ly
6140,ly
6141,ly
6142,ly
6143,ly
6144,ly
6145,ly
6146,ly
6147,ly
6148,ly
6149,ly
6150,ly
6151,ly
6152,ly
6153,ly
6154,ly
6155,ly
6156,ly
6157,ly
6158,ly
6159,ly
6160,ly
6161,ly
6162,ly
6163,ly
6164,ly
6165,ly
6166,ly
6167,ly
6168,ly
6169,ly
6170,ly
6171,ly
6172,ly
6173,ly
6174,ly
6175,ly
6176,ly
6177,ly
6178,ly
6179,ly
6180,ly
6181,ly
6182,ly
6183,ly
6184,ly
6185,ly
6186,ly
6187,ly
6188,ly
6189,ly
6190,ly
6191,ly
6192,ly
6193,ly
6194,ly
6195,ly
6196,ly
6197,ly
6198,ly
6199,ly
6200,ly
6201,ly
6202,ly
6203,ly
6204,ly
6205,ly
6206,ly
6207,ly
6208,ly
6209,ly
6210,ly
6211,ly
6212,ly
6213,ly
6214,ly
6215,ly
6216,ly
6218,ly
6219,ly
6220,ly
6221,ly
6222,ly
6223,ly
6224,ly
6225,ly
6226,ly
6227,ly
6228,ly
6229,ly
6230,ly
6231,ly
6232,ly
6233,ly
6234,ly
6235,ly
6236,ly
6237,ly
6238,ly
6239,ly
6240,ly
6241,ly
6242,ly
6243,ly
6244,ly
6246,ly
6247,ly
6248,ly
6249,ly
6250,ly
6251,ly
6252,ly
6253,ly
6254,ly
6255,ly
6256,ly
6257,ly
6258,ly
6259,ly
6260,ly
6261,ly
6262,ly
6263,ly
6264,ly
6265,ly
6266,ly
6267,ly
6268,ly
6269,ly
6270,ly
6271,ly
6272,ly
6273,ly
6274,ly
6275,ly
6276,ly
6277,ly
6278,ly
6279,ly
6280,ly
6281,ly
6282,ly
6283,ly
6284,ly
6285,ly
6286,ly
6287,ly
6288,ly
6289,ly
6290,ly
6291,ly
6292,ly
6293,ly
6294,ly
6295,ly
6296,ly
6297,ly
6298,ly
6299,ly
6300,ly
6301,ly
6302,ly
6303,ly
6304,ly
6305,ly
6306,ly
6307,ly
6308,ly
6309,ly
6310,ly
6311,ly
6312,ly
6313,ly
6314,ly
6315,ly
6316,ly
6317,ly
6318,ly
6319,ly
6320,ly
6321,ly
6322,ly
6323,ly
6324,ly
6325,ly
6326,ly
6327,ly
6328,ly
6329,ly
6330,ly
6331,ly
6332,ly
6333,ly
6334,ly
6335,ly
6336,ly
6337,ly
6338,ly
6339,ly
6340,ly
6341,ly
6342,ly
6343,ly
6344,ly
6345,ly
6346,ly
6347,ly
6348,ly
6349,ly
6350,ly
6351,ly
6352,ly
6353,ly
6354,ly
6355,ly
6356,ly
6357,ly
6358,ly
6359,ly
6360,ly
6361,ly
6362,ly
6363,ly
6364,ly
6365,ly
6366,ly
6367,ly
6368,ly
6369,ly
6370,ly
6371,ly
6372,ly
6373,ly
6374,ly
6375,ly
6376,ly
6377,ly
6378,ly
6379,ly
6380,ly
6381,ly
6382,ly
6383,ly
6384,ly
6385,ly
6386,ly
6387,ly
6388,ly
6389,ly
6390,ly
6391,ly
6392,ly
6393,ly
6394,ly
6395,ly
6396,ly
6397,ly
6398,ly
6399,ly
6400,ly
6401,ly
6402,ly
6403,ly
6404,ly
6405,ly
6406,ly
6407,ly
6408,ly
6409,ly
6410,ly
6411,ly
6412,ly
6413,ly
6414,ly
6415,ly
6416,ly
6417,ly
6418,ly
6419,ly
6420,ly
6421,ly
6422,ly
6423,ly
6424,ly
6425,ly
6426,ly
6427,ly
6428,ly
6429,ly
6430,ly
6431,ly
6432,ly
6433,ly
6434,ly
6435,ly
6436,ly
6437,ly
6438,ly
6439,ly
6440,ly
6441,ly
6442,ly
6443,ly
6444,ly
6445,ly
6446,ly
6447,ly
6448,ly
6449,ly
6450,ly
6451,ly
6452,ly
6453,ly
6454,ly
6455,ly
6456,ly
6457,ly
6458,ly
6459,ly
6460,ly
6461,ly
6462,ly
6463,ly
6464,ly
6465,ly
6466,ly
6467,ly
6468,ly
6469,ly
6470,ly
6471,ly
6472,ly
6473,ly
6474,ly
6475,ly
6476,ly
6477,ly
6478,ly
6479,ly
6480,ly
6481,ly
6482,ly
6483,ly
6484,ly
6485,ly
6486,ly
6487,ly
6488,ly
6489,ly
6490,ly
6491,ly
6492,ly
6493,ly
6494,ly
6495,ly
6496,ly
6497,ly
6498,ly
6499,ly
6500,ly
6501,ly
6502,ly
6503,ly
6504,ly
6505,ly
6506,ly
6507,ly
6508,ly
6509,ly
6510,ly
6511,ly
6512,ly
6513,ly
6514,ly
6515,ly
6516,ly
6517,ly
6518,ly
6519,ly
6520,ly
6521,ly
6522,ly
6523,ly
6524,ly
6525,ly
6526,ly
6527,ly
6528,ly
6529,ly
6530,ly
6531,ly
6532,ly
6533,ly
6534,ly
6535,ly
6537,ly
6538,ly
6539,ly
6540,ly
6541,ly
6543,ly
6544,ly
6547,ly
6550,ly
6551,ly
6552,ly
6553,ly
6554,ly
6559,ly
6560,ly
6561,ly
6564,ly
6566,ly
6567,ly
6568,ly
6569,ly
6570,ly
6571,ly
6572,ly
6573,ly
6574,ly
6575,ly
6577,ly
6578,ly
6579,ly
6580,ly
6583,ly
6584,ly
6585,ly
6586,ly
6587,ly
6588,ly
6589,ly
6590,ly
6591,ly
6592,ly
6594,ly
6596,ly
6598,ly
6599,ly
6600,ly
6601,ly
6602,kz
6615,us
6616,us
6617,us
6618,us
6619,us
6620,us
6622,za
6623,us
6624,us
6625,au
6626,au
6627,au
6628,au
6629,au
6630,au
6631,au
6632,au
6633,au
55718,au
6635,ar
6636,za
6637,us
6638,cl
6639,us
6640,us
6641,au
6643,dz
6645,us
6646,us
6647,us
6648,us
55792,us
6650,tm
6652,au
6653,au
6654,au
6656,us
6657,us
6659,us
6661,us
6662,us
6663,us
6665,de
48655,us
6695,us
6697,us
6700,om
6701,om
6702,om
6703,om
6704,om
6705,om
6706,om
6707,om
6708,om
6709,om
6710,om
6711,om
6712,om
6713,om
6714,om
6715,om
6716,om
6717,om
6718,om
6719,om
6720,om
6721,om
6722,om
6723,om
6724,om
6725,om
6726,om
6727,om
6728,om
6729,om
6730,om
6731,om
6732,om
6733,om
6734,om
6735,om
6736,om
6737,om
6738,om
6739,om
6740,om
6741,om
6742,om
6743,om
6744,om
6745,om
6746,om
6747,om
6748,om
6749,om
6750,om
6751,om
6752,om
6753,om
6754,om
6755,om
6756,om
6757,om
6758,om
6759,om
6760,om
6761,om
6762,om
6763,om
6764,om
6765,om
6766,om
6767,om
6768,om
6769,om
6770,om
6771,om
6772,om
6773,om
6774,om
6775,om
6776,om
6777,om
6778,om
6779,om
6780,om
6781,om
6782,om
6783,om
6784,om
6785,om
6786,om
6787,om
6788,om
6789,om
6790,om
6791,om
6792,om
6793,om
6794,om
6795,om
6796,om
6797,om
6798,om
6799,om
6800,om
6801,om
6802,om
6803,om
6804,om
6805,om
6806,om
6807,om
6808,om
6809,om
6810,om
6811,om
6812,om
6813,om
6814,om
6815,om
6816,om
6817,om
6818,om
6819,om
6820,om
6821,om
6822,om
6823,om
6824,om
6825,om
6826,om
6827,om
6828,om
6829,om
6830,om
6831,om
6832,om
6833,om
6834,om
6835,om
6836,om
6837,om
6838,om
6839,om
6840,om
6841,om
6842,om
6843,om
6844,om
6845,om
6846,om
6847,om
6848,om
6849,om
6850,om
6851,om
6852,om
6853,om
6854,om
6855,om
6856,om
6857,om
6858,om
6859,om
6860,om
6861,om
6862,om
6863,om
6864,om
6865,om
6866,om
6867,om
6868,om
6869,om
6870,om
6871,om
6872,om
6873,om
6874,om
6875,om
6876,om
6877,om
6878,om
6879,om
6881,om
6882,om
6883,om
6884,om
6885,om
6886,om
6887,om
6888,om
6889,om
6890,om
6891,om
6892,om
6893,om
33790,om
33791,om
33792,om
6894,om
6895,om
33807,om
6896,om
30503,om
6897,om
33830,om
33831,om
6898,om
33833,om
33834,om
33839,om
33842,om
6899,om
33847,om
33851,om
6900,om
33857,om
33859,om
6901,om
33871,om
6902,om
33873,om
33879,om
33881,om
6903,om
33883,om
33884,om
6904,om
30504,om
30505,om
30507,om
30508,om
30509,om
30510,om
30511,om
6905,om
6906,om
6907,om
30512,om
31358,om
30513,om
30514,om
33918,om
6908,om
33924,om
6909,om
33935,om
6910,om
33942,om
33943,om
6911,om
33953,om
33961,om
6912,om
33964,om
30515,om
34021,om
34497,om
34498,om
6913,om
34499,om
34500,om
34501,om
34502,om
34503,om
34494,om
34495,om
34504,om
34505,om
6914,om
34506,om
34507,om
34508,om
34509,om
34510,om
34511,om
34512,om
34513,om
34514,om
34515,om
6915,om
34516,om
34518,om
34519,om
34520,om
34521,om
34522,om
34523,om
34524,om
34525,om
6916,om
34526,om
34527,om
34528,om
34529,om
34530,om
34531,om
34532,om
34533,om
6917,om
6918,om
6919,om
6920,om
6921,om
6922,om
6923,om
6924,om
6925,om
35490,om
35491,om
44711,om
35492,om
35493,om
35494,om
35495,om
44712,om
35496,om
35497,om
6926,om
35498,om
35499,om
35500,om
35501,om
35502,om
35503,om
35504,om
35505,om
35506,om
35507,om
6927,om
35508,om
35509,om
35510,om
35511,om
35512,om
35513,om
35514,om
35515,om
35415,om
45833,om
6928,om
45834,om
45835,om
45836,om
45837,om
48539,om
51593,om
45838,om
48540,om
48541,om
47354,om
6929,om
48542,om
48543,om
48544,om
48545,om
51594,om
51595,om
51596,om
51597,om
51710,om
6930,om
51598,om
51599,om
51600,om
51711,om
51601,om
51602,om
51603,om
51604,om
51605,om
6931,om
51606,om
53785,om
55271,om
51712,om
51607,om
51608,om
51609,om
51610,om
51611,om
51612,om
6932,om
51613,om
51614,om
51615,om
51713,om
53786,om
51616,om
55720,om
48956,om
6933,om
48963,om
48964,om
48965,om
48966,om
48967,om
48968,om
48969,om
48970,om
48971,om
48972,om
6934,om
51053,om
51591,om
51565,om
51054,om
51055,om
51056,om
51572,om
51566,om
53787,om
53788,om
6935,om
53789,om
53790,om
53791,om
53792,om
53793,om
53794,om
53795,om
53796,om
53797,om
53798,om
6936,om
53799,om
53800,om
51558,om
53878,om
52389,om
52390,om
52391,om
52392,om
53879,om
6937,om
52393,om
52394,om
52395,om
54476,om
52397,om
52398,om
50913,om
54875,om
54876,om
53880,om
6938,om
52399,om
52400,om
52401,om
52402,om
52403,om
52415,om
52404,om
52405,om
53881,om
52406,om
6939,om
53882,om
54613,om
52416,om
52417,om
52418,om
52407,om
52419,om
52420,om
52421,om
53883,om
6940,om
52422,om
52408,om
54614,om
52424,om
52425,om
52411,om
52426,om
52428,om
53884,om
6941,om
51567,om
51568,om
51569,om
51570,om
51571,om
52433,om
52434,om
52435,om
6942,om
52436,om
53885,om
51863,om
51864,om
52010,om
52011,om
52051,om
6943,om
52586,om
52587,om
52588,om
52589,om
52590,om
52591,om
52592,om
52593,om
52594,om
52595,om
6944,om
52596,om
52597,om
52598,om
52599,om
52600,om
52601,om
52602,om
52603,om
52618,om
52621,om
6945,om
52623,om
6946,om
52634,om
52637,om
52780,om
52781,om
52784,om
52887,om
6947,om
55722,om
54597,om
54598,om
54491,om
54672,om
54838,om
6948,om
55278,om
55279,om
55280,om
55281,om
55282,om
55283,om
55284,om
55285,om
55286,om
55287,om
6949,om
55288,om
56576,om
55398,om
55519,om
55520,om
55521,om
55522,om
55565,om
55566,om
55567,om
6950,om
55568,om
55569,om
55570,om
55571,om
55572,om
55573,om
55574,om
55575,om
55576,om
55577,om
6951,om
55578,om
55579,om
55580,om
55581,om
55582,om
56380,om
56381,om
55603,om
55753,om
6952,om
56096,om
56105,om
56097,om
56106,om
56164,om
56312,om
56182,om
56183,om
56184,om
56185,om
6953,om
56186,om
56187,om
56188,om
56189,om
56190,om
56191,om
56192,om
56193,om
56194,om
56195,om
6954,om
56196,om
56197,om
56198,om
56199,om
56319,om
56320,om
56321,om
56322,om
56323,om
56324,om
6955,om
56325,om
56326,om
56327,om
56328,om
56329,om
56330,om
56331,om
56332,om
56333,om
56334,om
56335,om
56336,om
56337,om
56338,om
56339,om
56340,om
57431,om
56341,om
56342,om
6956,om
56343,om
56344,om
56345,om
56346,om
56347,om
57432,om
56423,om
56354,om
56355,om
56356,om
6957,om
56357,om
56358,om
56359,om
57433,om
6958,om
6959,om
56591,om
57138,om
6960,om
6961,om
6962,om
6963,om
6964,om
6965,om
6966,om
6967,om
6968,om
6969,om
6970,om
6971,om
6972,om
6973,om
6974,om
6975,om
6976,om
6977,om
6978,om
6979,om
6980,om
6981,om
6982,om
6983,om
6984,om
6985,om
6986,om
6987,om
6988,om
6989,om
6990,om
6991,om
6992,om
6993,om
6994,om
6995,om
6996,om
6997,om
6998,om
6999,om
7000,om
7001,om
7002,om
7003,om
7004,om
7005,om
7006,om
7007,om
7008,om
7009,om
7010,om
7011,om
7012,om
7013,om
7014,om
7015,om
7016,om
7017,om
7018,om
7019,om
7020,om
7021,om
7022,om
7023,om
7024,om
7025,om
7026,om
7027,om
7028,om
7029,om
7030,om
7031,om
7032,om
7033,om
7034,om
7035,om
7036,om
7037,om
7038,om
7039,om
7040,om
7041,om
7042,om
7043,om
7044,om
7045,om
7046,om
7047,om
7048,om
7049,om
7050,om
7051,om
7052,om
7053,om
7054,om
7055,om
7056,om
7057,om
7058,om
7059,om
7060,om
7061,om
7062,om
7063,om
7064,om
7065,om
7066,om
7067,om
7068,om
7069,om
7070,om
7071,om
7072,om
7073,om
7074,om
7075,om
7076,om
7077,om
7078,om
7079,om
7080,om
7081,om
7082,om
7083,om
7084,om
7085,om
7086,om
7087,om
7088,om
7089,om
7090,om
7091,om
7092,om
7093,om
7094,om
7095,om
7096,om
7097,om
7098,om
7099,om
7100,om
7101,om
7102,om
7103,om
7104,om
7105,om
7106,om
7107,om
7108,om
7109,om
7110,om
7111,om
7112,om
7113,om
7114,om
7115,om
7116,om
7117,om
7118,om
7119,om
7120,om
7121,om
7122,om
7123,om
7124,om
7125,om
7126,om
7127,om
7128,om
7129,om
7130,om
7131,om
7132,om
7133,om
7134,om
7135,om
7136,om
7137,om
7138,om
7139,om
7140,om
7141,om
7142,om
7143,om
7144,om
7145,om
7146,om
7147,om
7148,om
7149,om
7150,om
7151,om
7152,om
7153,om
7154,om
7155,om
7156,om
7157,om
7158,om
7159,om
7160,om
7161,om
7162,om
7163,om
7164,om
7165,om
7166,om
7167,om
7168,om
7169,om
7170,om
7171,om
7172,om
7173,om
7174,om
7175,om
7176,om
7177,om
7178,om
7179,om
7180,om
7181,om
7182,om
7183,om
7184,om
7185,om
7186,om
7187,om
7188,om
7189,om
7190,om
7191,om
7192,om
7193,om
7194,om
7195,om
7196,om
7197,om
7198,om
7199,om
7200,om
7201,om
7202,om
7203,om
7204,om
7205,om
7206,om
7207,om
7208,om
7209,om
7210,om
7211,om
7212,om
7213,om
7214,om
7215,om
7216,om
7217,om
7218,om
7219,om
7220,om
7221,om
7222,om
7223,om
7224,om
7225,om
7226,om
7227,om
7228,om
7229,om
30416,om
30417,om
30418,om
30419,om
30420,om
30421,om
30422,om
30423,om
30424,om
30425,om
30426,om
30427,om
7230,om
7231,om
7232,om
7233,om
7234,om
7235,om
7236,om
7237,om
7238,om
7239,om
7240,om
7241,om
7242,om
7243,om
7244,om
7245,om
7246,om
7247,om
7248,om
7249,om
7250,om
7251,om
7252,om
7253,om
7254,om
7255,om
7256,om
7257,om
7258,om
7259,om
7260,om
7261,om
7262,om
7263,om
7264,om
7265,om
7266,om
7267,om
7268,om
7269,om
7270,om
7271,om
7272,om
7273,om
7274,om
7275,om
7276,om
7277,om
7278,om
7279,om
7280,om
7281,om
7282,om
7283,om
7284,om
7285,om
7286,om
7287,om
7288,om
7289,om
7290,om
7291,om
7292,om
7293,om
7294,om
7295,om
7296,om
7297,om
7298,om
7299,om
7300,om
7301,om
7302,om
7303,om
7304,om
7305,om
7306,om
7307,om
7308,om
7309,om
7310,om
7311,om
7312,om
7313,om
7314,om
7315,om
7316,om
7317,om
7318,om
7319,om
7320,om
7321,om
7322,om
7323,om
7324,om
7325,om
7326,om
7327,om
7328,om
7329,om
7330,om
7331,om
7332,om
7333,om
7334,om
7335,om
7336,om
7337,om
7338,om
7339,om
7340,om
7341,om
7342,om
7343,om
7344,om
7345,om
7346,om
7347,om
7348,om
7349,om
7350,om
7351,om
7352,om
7353,om
7354,om
7355,om
7356,om
7357,om
7358,om
7359,om
7360,om
7361,om
7362,om
7363,om
7364,om
7365,om
7366,om
7367,om
7368,om
7369,om
7370,om
7371,om
7372,om
7373,om
7374,om
7375,om
7376,om
7377,om
7378,om
7379,om
7380,om
7381,om
7382,om
7383,om
7384,om
7385,om
7386,om
7387,om
7388,om
7389,om
7390,om
7391,om
7392,om
7393,om
7394,om
7395,om
7396,om
7397,om
7398,om
7399,om
7400,om
7401,om
7402,om
7403,om
7404,om
7405,om
7406,om
7407,om
7408,om
7409,om
7410,om
7411,om
7412,om
7413,om
7414,om
7415,om
7416,om
7417,om
7418,om
7419,om
7420,om
7421,om
7422,om
7423,om
7424,om
7425,om
7426,om
7427,om
7428,om
7429,om
7430,om
7431,om
7432,om
7433,om
7434,om
7435,om
7436,om
7437,om
7438,om
7439,om
7440,om
7441,om
7442,om
7443,om
7444,om
7445,om
7446,om
7447,om
7448,om
7449,om
7450,om
7451,om
7452,om
7453,om
7454,om
33715,om
7455,om
7456,om
7457,om
7458,om
7459,om
7460,om
7461,om
7462,om
7463,om
7464,om
7465,om
7466,om
7467,om
7468,om
7469,om
7470,om
7471,om
7472,om
7473,om
7474,om
7475,om
7476,om
7477,om
7478,om
7479,om
7480,om
7481,om
7482,om
7483,om
7484,om
7485,om
7486,om
7487,om
7488,om
7489,om
7490,om
7491,om
7492,om
7493,om
7494,om
7495,om
7496,om
7497,om
7498,om
7499,om
7500,om
7501,om
7502,om
7503,om
7504,om
7505,om
7506,om
7507,om
7508,om
7509,om
7510,om
7511,om
7512,om
7513,om
7514,om
7515,om
7516,om
7517,om
7518,om
7519,om
7520,om
7521,om
7522,om
7523,om
7524,om
7525,om
7526,om
7527,om
7528,om
7529,om
7530,om
7531,om
7532,om
7533,om
7534,om
7535,om
7536,om
7537,om
7538,om
7539,om
7540,om
7541,om
7542,om
7543,om
7544,om
7545,om
7546,om
7547,om
7548,om
7549,om
7550,om
7551,om
7552,om
7553,om
7554,om
7555,om
7556,om
7557,om
7558,om
7559,om
7560,om
7561,om
7562,om
7563,om
7564,om
7565,om
7566,om
7567,om
7568,om
7569,om
7570,om
7571,om
7572,om
7573,om
7574,om
7575,om
7576,om
7577,om
7578,om
7579,om
7580,om
7581,om
7582,om
7583,om
7584,om
7585,om
7586,om
7587,om
7588,om
7589,om
7590,om
7591,om
7592,om
7593,om
7594,om
7595,om
7596,om
7597,om
7598,om
7599,om
7600,om
7601,om
7602,om
7603,om
7604,om
7605,om
7606,om
7607,om
7608,om
7609,om
7610,om
7611,om
7612,om
7615,om
7616,om
7617,om
7618,om
7619,om
7620,om
7621,om
7622,om
7623,om
7624,om
7625,om
30517,om
7626,om
7627,om
7628,om
7629,om
7630,om
7631,om
7632,om
7633,om
7634,om
7635,om
7636,om
7637,om
7638,om
30518,om
30519,om
30520,om
30521,om
30522,om
30523,om
30524,om
30525,om
30526,om
30527,om
30528,om
30529,om
30530,om
30531,om
30532,om
30533,om
30534,om
30535,om
30536,om
30537,om
30538,om
30539,om
30540,om
30541,om
33770,om
30542,om
30543,om
30544,om
30545,om
33773,om
33775,om
30546,om
33776,om
30547,om
33777,om
30548,om
30549,om
30550,om
30551,om
30552,om
33782,om
33784,om
30553,om
30554,om
30555,om
30556,om
30557,om
33787,om
30559,om
7639,om
35516,us
7641,us
49716,cn
7643,au
7644,rs
7645,us
7646,us
7647,au
7648,us
7650,ru
7651,us
7653,dz
7654,dz
30560,dz
7655,dz
7660,cl
7709,au
7710,au
7711,ly
7712,us
7713,us
7714,ar
7717,kz
7720,au
7721,us
7724,us
7727,us
7729,us
7730,us
7732,ru
7733,us
7734,us
7737,us
7738,us
7739,us
7740,au
7741,us
7742,us
47341,us
7744,us
7747,us
7748,nz
7753,us
7756,us
7759,us
7761,us
7766,au
7767,us
7768,us
7769,us
7770,ca
7771,us
7772,kz
7773,ru
7778,dz
7779,dz
7780,dz
7781,dz
7782,dz
7783,dz
7784,dz
7785,dz
7786,dz
7787,dz
7788,dz
7789,dz
30561,dz
54593,dz
54594,dz
54595,dz
54596,dz
7790,eg
7791,ma
7792,ma
7793,mx
7794,us
7795,mx
7797,dz
7798,dz
7799,dz
7800,dz
7801,dz
7802,dz
7803,eg
7804,dz
7805,ma
7806,mr
54449,cl
54450,cl
54451,cl
54452,cl
54453,cl
54454,cl
54455,cl
54456,cl
54457,cl
54458,cl
54459,cl
54460,cl
54562,cl
54479,cl
54480,cl
54481,cl
54482,cl
54483,cl
54484,cl
54485,cl
54486,cl
54487,cl
54488,cl
54489,cl
54495,cl
54496,cl
54497,cl
54498,cl
54499,cl
54500,cl
54501,cl
54503,cl
54505,cl
54834,cl
54835,cl
54836,cl
54837,cl
55697,cl
55698,cl
55699,cl
55700,cl
55701,cl
55702,cl
55703,cl
55704,cl
55705,cl
55706,cl
55707,cl
55708,cl
55709,cl
55710,cl
56280,cl
56169,cl
56170,cl
56171,cl
56313,cl
56172,cl
56173,cl
56174,cl
56176,cl
56177,cl
56178,cl
56179,cl
56180,cl
56371,cl
56372,cl
56373,cl
56374,cl
56375,cl
56376,cl
56377,cl
56588,cl
56378,cl
56379,cl
56592,cl
56593,cl
56594,cl
56595,cl
56596,cl
56597,cl
56598,cl
56599,cl
56600,cl
56601,cl
56602,cl
56603,cl
56604,cl
56605,cl
56606,cl
56689,cl
56608,cl
56609,cl
56610,cl
57139,cl
56634,cl
56636,cl
56638,cl
56639,cl
56640,cl
56641,cl
56722,cl
56642,cl
56657,cl
56659,cl
56660,cl
56661,cl
56662,cl
56664,cl
56665,cl
56666,cl
56667,cl
56668,cl
56669,cl
56670,cl
56690,cl
56691,cl
56692,cl
56693,cl
56694,cl
56695,cl
56696,cl
56697,cl
56698,cl
56699,cl
56700,cl
56704,cl
56706,cl
56707,cl
56708,cl
56710,cl
56712,cl
56713,cl
56714,cl
57170,cl
57187,cl
57188,cl
57190,cl
57306,cl
57307,cl
57308,cl
57310,cl
57312,cl
57313,cl
57314,cl
57316,cl
57317,cl
57318,cl
57319,cl
57320,cl
57321,cl
57322,cl
57324,cl
57325,cl
57326,cl
7809,us
7810,us
7811,us
53845,us
54570,us
7812,us
7813,ar
7814,mx
7815,eg
7816,us
7817,ar
7818,ar
7820,ar
7821,us
47703,au
47704,au
